state_id,year,avg_temp
AL,1955,63.43333333333334
AL,1956,63.583333333333336
AL,1957,63.949999999999996
AL,1958,61.21666666666667
AL,1959,62.949999999999996
AL,1960,61.541666666666664
AL,1961,61.93333333333334
AL,1962,63.050000000000004
AL,1963,61.725
AL,1964,62.39166666666666
AL,1965,63.01666666666666
AL,1966,61.64166666666667
AL,1967,61.916666666666664
AL,1968,61.0
AL,1969,61.36666666666667
AL,1970,62.11666666666667
AL,1971,62.68333333333334
AL,1972,62.958333333333336
AL,1973,63.05833333333334
AL,1974,63.1
AL,1975,62.824999999999996
AL,1976,60.675000000000004
AL,1977,62.458333333333336
AL,1978,61.86666666666667
AL,1979,61.35833333333333
AL,1980,62.46666666666667
AL,1981,61.98333333333333
AL,1982,63.34166666666667
AL,1983,61.19166666666666
AL,1984,62.81666666666666
AL,1985,62.791666666666664
AL,1986,64.09166666666667
AL,1987,63.041666666666664
AL,1988,62.074999999999996
AL,1989,62.199999999999996
AL,1990,64.91666666666667
AL,1991,63.958333333333336
AL,1992,62.10833333333334
AL,1993,62.324999999999996
AL,1994,63.050000000000004
AL,1995,63.03333333333333
AL,1996,62.125
AL,1997,62.36666666666667
AL,1998,65.125
AL,1999,64.14166666666667
AL,2000,63.56666666666666
AL,2001,63.03333333333333
AL,2002,63.574999999999996
AL,2003,62.73333333333333
AL,2004,63.333333333333336
AL,2005,63.39166666666667
AL,2006,64.2
AL,2007,64.39999999999999
AL,2008,62.916666666666664
AL,2009,62.90833333333333
AL,2010,62.708333333333336
AL,2011,63.833333333333336
AL,2012,64.91666666666667
AL,2013,62.6
AL,2014,62.03333333333333
AL,2015,64.61666666666666
AL,2016,65.34166666666667
AL,2017,65.03333333333333
AL,2018,64.45
AL,2019,65.375
AL,2020,64.86666666666666
AL,2021,64.2
AL,2022,64.01666666666667
AL,2023,65.34166666666667
AL,2024,65.40833333333333
AL,2025,54.45
AR,1955,60.80833333333334
AR,1956,61.38333333333333
AR,1957,60.574999999999996
AR,1958,58.75833333333333
AR,1959,60.0
AR,1960,58.88333333333333
AR,1961,59.13333333333333
AR,1962,60.30833333333334
AR,1963,60.333333333333336
AR,1964,60.666666666666664
AR,1965,61.025
AR,1966,59.175000000000004
AR,1967,59.86666666666667
AR,1968,58.666666666666664
AR,1969,59.51666666666667
AR,1970,59.71666666666667
AR,1971,60.46666666666667
AR,1972,60.03333333333333
AR,1973,60.574999999999996
AR,1974,60.26666666666666
AR,1975,59.875
AR,1976,58.75
AR,1977,60.76666666666667
AR,1978,58.9
AR,1979,57.99166666666667
AR,1980,60.49166666666667
AR,1981,60.225
AR,1982,59.96666666666667
AR,1983,58.86666666666667
AR,1984,60.050000000000004
AR,1985,59.84166666666667
AR,1986,61.51666666666667
AR,1987,61.03333333333333
AR,1988,59.75
AR,1989,58.96666666666667
AR,1990,61.84166666666667
AR,1991,61.300000000000004
AR,1992,59.89166666666667
AR,1993,59.30833333333334
AR,1994,60.39166666666667
AR,1995,60.475
AR,1996,59.56666666666666
AR,1997,59.65833333333333
AR,1998,63.1
AR,1999,62.15
AR,2000,60.89166666666666
AR,2001,61.225
AR,2002,60.583333333333336
AR,2003,60.26666666666667
AR,2004,61.025
AR,2005,61.958333333333336
AR,2006,61.99166666666667
AR,2007,61.80833333333333
AR,2008,59.85833333333333
AR,2009,59.925000000000004
AR,2010,61.175000000000004
AR,2011,61.81666666666666
AR,2012,63.60833333333333
AR,2013,59.64166666666667
AR,2014,58.666666666666664
AR,2015,61.4
AR,2016,62.791666666666664
AR,2017,62.541666666666664
AR,2018,61.166666666666664
AR,2019,61.21666666666667
AR,2020,61.15
AR,2021,61.35
AR,2022,61.15
AR,2023,62.925000000000004
AR,2024,63.333333333333336
AR,2025,50.400000000000006
AZ,1955,58.449999999999996
AZ,1956,59.541666666666664
AZ,1957,59.541666666666664
AZ,1958,60.38333333333333
AZ,1959,60.199999999999996
AZ,1960,59.574999999999996
AZ,1961,59.25
AZ,1962,59.833333333333336
AZ,1963,59.791666666666664
AZ,1964,57.76666666666667
AZ,1965,58.474999999999994
AZ,1966,59.5
AZ,1967,59.0
AZ,1968,58.65
AZ,1969,59.699999999999996
AZ,1970,58.958333333333336
AZ,1971,58.21666666666667
AZ,1972,59.64166666666667
AZ,1973,58.39166666666667
AZ,1974,59.48333333333333
AZ,1975,57.89166666666666
AZ,1976,58.96666666666667
AZ,1977,60.208333333333336
AZ,1978,59.800000000000004
AZ,1979,58.81666666666666
AZ,1980,60.23333333333333
AZ,1981,61.324999999999996
AZ,1982,58.74166666666667
AZ,1983,59.199999999999996
AZ,1984,59.44166666666666
AZ,1985,59.550000000000004
AZ,1986,60.574999999999996
AZ,1987,59.31666666666666
AZ,1988,60.20000000000001
AZ,1989,61.224999999999994
AZ,1990,59.71666666666667
AZ,1991,59.25
AZ,1992,59.59166666666667
AZ,1993,59.800000000000004
AZ,1994,60.550000000000004
AZ,1995,61.00833333333333
AZ,1996,61.875
AZ,1997,60.525
AZ,1998,59.275
AZ,1999,60.78333333333333
AZ,2000,61.675000000000004
AZ,2001,61.199999999999996
AZ,2002,61.175000000000004
AZ,2003,61.9
AZ,2004,60.40833333333333
AZ,2005,61.13333333333333
AZ,2006,61.125
AZ,2007,61.583333333333336
AZ,2008,60.61666666666667
AZ,2009,61.083333333333336
AZ,2010,60.39166666666667
AZ,2011,60.333333333333336
AZ,2012,62.1
AZ,2013,60.449999999999996
AZ,2014,62.25
AZ,2015,61.75
AZ,2016,62.175000000000004
AZ,2017,63.03333333333333
AZ,2018,62.26666666666667
AZ,2019,60.25833333333333
AZ,2020,62.61666666666667
AZ,2021,62.1
AZ,2022,61.23333333333333
AZ,2023,60.73333333333333
AZ,2024,62.458333333333336
AZ,2025,50.475
CA,1955,56.208333333333336
CA,1956,56.96666666666667
CA,1957,57.09166666666667
CA,1958,58.89166666666667
CA,1959,58.949999999999996
CA,1960,58.050000000000004
CA,1961,57.80833333333333
CA,1962,57.375
CA,1963,57.083333333333336
CA,1964,56.56666666666666
CA,1965,56.699999999999996
CA,1966,58.00833333333333
CA,1967,57.49166666666667
CA,1968,57.59166666666667
CA,1969,57.49166666666667
CA,1970,57.81666666666666
CA,1971,56.208333333333336
CA,1972,57.25833333333333
CA,1973,57.300000000000004
CA,1974,57.63333333333333
CA,1975,56.26666666666666
CA,1976,57.475
CA,1977,57.974999999999994
CA,1978,57.60833333333333
CA,1979,57.666666666666664
CA,1980,58.074999999999996
CA,1981,59.300000000000004
CA,1982,56.34166666666667
CA,1983,57.550000000000004
CA,1984,58.21666666666667
CA,1985,57.324999999999996
CA,1986,58.875
CA,1987,58.275
CA,1988,58.75
CA,1989,58.10833333333333
CA,1990,57.96666666666667
CA,1991,58.13333333333333
CA,1992,59.26666666666667
CA,1993,57.65833333333333
CA,1994,58.00833333333333
CA,1995,58.93333333333334
CA,1996,59.55833333333334
CA,1997,59.11666666666667
CA,1998,56.708333333333336
CA,1999,57.958333333333336
CA,2000,58.800000000000004
CA,2001,59.125
CA,2002,58.85
CA,2003,59.425000000000004
CA,2004,58.85833333333333
CA,2005,58.6
CA,2006,58.64166666666667
CA,2007,58.925000000000004
CA,2008,58.916666666666664
CA,2009,58.833333333333336
CA,2010,57.725
CA,2011,57.43333333333334
CA,2012,59.50833333333333
CA,2013,59.31666666666666
CA,2014,61.449999999999996
CA,2015,60.75833333333333
CA,2016,60.13333333333333
CA,2017,60.34166666666667
CA,2018,60.125
CA,2019,58.40833333333333
CA,2020,60.51666666666667
CA,2021,60.35
CA,2022,60.050000000000004
CA,2023,58.25
CA,2024,60.51666666666666
CA,2025,50.075
CO,1955,44.15833333333333
CO,1956,45.083333333333336
CO,1957,44.11666666666667
CO,1958,45.5
CO,1959,44.75833333333333
CO,1960,44.208333333333336
CO,1961,43.85833333333333
CO,1962,45.050000000000004
CO,1963,46.18333333333334
CO,1964,43.59166666666667
CO,1965,44.175000000000004
CO,1966,44.61666666666667
CO,1967,44.76666666666667
CO,1968,43.63333333333333
CO,1969,44.68333333333334
CO,1970,44.300000000000004
CO,1971,44.06666666666666
CO,1972,44.599999999999994
CO,1973,43.375
CO,1974,44.425000000000004
CO,1975,43.50833333333333
CO,1976,44.699999999999996
CO,1977,46.28333333333333
CO,1978,44.53333333333333
CO,1979,43.49166666666667
CO,1980,45.6
CO,1981,47.06666666666666
CO,1982,44.09166666666667
CO,1983,44.40833333333333
CO,1984,43.68333333333334
CO,1985,44.125
CO,1986,46.30833333333334
CO,1987,45.25
CO,1988,45.1
CO,1989,45.375
CO,1990,45.6
CO,1991,45.050000000000004
CO,1992,45.26666666666667
CO,1993,43.833333333333336
CO,1994,46.51666666666667
CO,1995,45.666666666666664
CO,1996,45.775
CO,1997,44.84166666666667
CO,1998,46.25
CO,1999,46.64166666666667
CO,2000,47.0
CO,2001,46.85
CO,2002,46.083333333333336
CO,2003,47.025
CO,2004,45.84166666666667
CO,2005,46.76666666666667
CO,2006,46.50833333333333
CO,2007,46.175000000000004
CO,2008,44.94166666666666
CO,2009,45.18333333333334
CO,2010,46.15
CO,2011,45.43333333333334
CO,2012,48.31666666666666
CO,2013,45.09166666666667
CO,2014,46.05833333333334
CO,2015,47.44166666666666
CO,2016,47.28333333333333
CO,2017,47.925000000000004
CO,2018,47.166666666666664
CO,2019,45.26666666666666
CO,2020,47.25833333333333
CO,2021,47.475
CO,2022,46.19166666666667
CO,2023,45.59166666666667
CO,2024,47.64166666666667
CO,2025,33.775
CT,1955,48.666666666666664
CT,1956,47.61666666666667
CT,1957,49.21666666666667
CT,1958,46.625
CT,1959,49.21666666666667
CT,1960,47.96666666666667
CT,1961,48.291666666666664
CT,1962,46.75
CT,1963,47.199999999999996
CT,1964,48.0
CT,1965,47.53333333333333
CT,1966,47.949999999999996
CT,1967,47.125
CT,1968,47.74166666666667
CT,1969,47.949999999999996
CT,1970,47.75
CT,1971,48.25833333333333
CT,1972,47.275000000000006
CT,1973,50.050000000000004
CT,1974,48.23333333333333
CT,1975,49.05833333333334
CT,1976,47.583333333333336
CT,1977,48.19166666666666
CT,1978,46.725
CT,1979,48.824999999999996
CT,1980,47.93333333333333
CT,1981,48.40833333333333
CT,1982,47.94166666666666
CT,1983,49.40833333333333
CT,1984,48.949999999999996
CT,1985,48.65833333333333
CT,1986,48.49166666666667
CT,1987,48.824999999999996
CT,1988,48.324999999999996
CT,1989,47.94166666666666
CT,1990,51.06666666666666
CT,1991,50.958333333333336
CT,1992,47.68333333333334
CT,1993,48.65
CT,1994,48.85833333333334
CT,1995,49.03333333333333
CT,1996,48.375
CT,1997,48.64166666666667
CT,1998,51.59166666666667
CT,1999,50.849999999999994
CT,2000,48.53333333333333
CT,2001,50.24166666666667
CT,2002,50.46666666666667
CT,2003,48.15833333333333
CT,2004,48.75833333333333
CT,2005,49.50833333333333
CT,2006,51.13333333333333
CT,2007,49.53333333333333
CT,2008,49.699999999999996
CT,2009,48.84166666666667
CT,2010,51.349999999999994
CT,2011,50.85833333333333
CT,2012,52.46666666666667
CT,2013,49.78333333333333
CT,2014,48.675000000000004
CT,2015,49.84166666666667
CT,2016,51.775
CT,2017,50.925000000000004
CT,2018,50.75833333333333
CT,2019,49.75
CT,2020,51.78333333333333
CT,2021,51.38333333333333
CT,2022,50.99166666666667
CT,2023,52.208333333333336
CT,2024,52.125
CT,2025,36.4
DE,1955,54.550000000000004
DE,1956,54.300000000000004
DE,1957,55.14166666666667
DE,1958,52.416666666666664
DE,1959,55.74166666666667
DE,1960,53.449999999999996
DE,1961,53.958333333333336
DE,1962,52.875
DE,1963,53.00833333333333
DE,1964,54.19166666666666
DE,1965,53.63333333333333
DE,1966,53.333333333333336
DE,1967,52.61666666666667
DE,1968,53.916666666666664
DE,1969,53.39166666666667
DE,1970,53.96666666666667
DE,1971,54.550000000000004
DE,1972,53.583333333333336
DE,1973,55.61666666666667
DE,1974,54.64166666666667
DE,1975,55.19166666666666
DE,1976,53.775
DE,1977,54.625
DE,1978,52.90833333333333
DE,1979,53.78333333333333
DE,1980,54.083333333333336
DE,1981,53.574999999999996
DE,1982,53.958333333333336
DE,1983,54.90833333333333
DE,1984,54.68333333333334
DE,1985,55.35
DE,1986,55.09166666666667
DE,1987,54.89166666666667
DE,1988,54.11666666666667
DE,1989,54.19166666666666
DE,1990,57.199999999999996
DE,1991,56.925000000000004
DE,1992,53.916666666666664
DE,1993,54.85
DE,1994,55.01666666666667
DE,1995,55.1
DE,1996,54.025
DE,1997,54.833333333333336
DE,1998,57.40833333333333
DE,1999,56.50833333333333
DE,2000,54.74166666666667
DE,2001,56.09166666666667
DE,2002,57.15833333333333
DE,2003,54.583333333333336
DE,2004,55.824999999999996
DE,2005,55.725
DE,2006,57.324999999999996
DE,2007,56.291666666666664
DE,2008,56.30833333333334
DE,2009,55.425000000000004
DE,2010,56.675000000000004
DE,2011,57.425000000000004
DE,2012,58.475
DE,2013,55.824999999999996
DE,2014,54.71666666666667
DE,2015,56.416666666666664
DE,2016,57.36666666666667
DE,2017,57.625
DE,2018,57.14166666666667
DE,2019,57.458333333333336
DE,2020,57.98333333333333
DE,2021,57.4
DE,2022,56.53333333333333
DE,2023,57.75
DE,2024,57.39166666666667
DE,2025,42.925
FL,1955,70.21666666666667
FL,1956,69.94166666666666
FL,1957,70.99166666666666
FL,1958,68.98333333333333
FL,1959,70.60000000000001
FL,1960,69.31666666666666
FL,1961,70.0
FL,1962,69.84166666666667
FL,1963,69.21666666666667
FL,1964,70.05
FL,1965,70.2
FL,1966,69.00833333333334
FL,1967,70.22500000000001
FL,1968,68.60833333333333
FL,1969,68.99166666666666
FL,1970,69.43333333333334
FL,1971,70.41666666666667
FL,1972,70.95
FL,1973,70.25833333333334
FL,1974,70.875
FL,1975,71.20833333333333
FL,1976,68.975
FL,1977,69.43333333333334
FL,1978,69.73333333333333
FL,1979,69.85000000000001
FL,1980,69.93333333333334
FL,1981,69.26666666666667
FL,1982,71.50833333333334
FL,1983,69.26666666666667
FL,1984,69.97500000000001
FL,1985,70.825
FL,1986,71.45833333333333
FL,1987,70.16666666666667
FL,1988,69.71666666666667
FL,1989,70.95833333333333
FL,1990,72.5
FL,1991,71.78333333333333
FL,1992,70.275
FL,1993,70.3
FL,1994,71.55
FL,1995,70.79166666666667
FL,1996,69.89166666666667
FL,1997,71.14166666666667
FL,1998,72.49166666666666
FL,1999,71.16666666666667
FL,2000,70.575
FL,2001,70.93333333333334
FL,2002,71.29166666666667
FL,2003,70.86666666666666
FL,2004,70.81666666666666
FL,2005,70.83333333333333
FL,2006,71.35833333333333
FL,2007,71.75
FL,2008,70.825
FL,2009,71.15833333333333
FL,2010,69.19166666666668
FL,2011,71.68333333333334
FL,2012,71.89166666666667
FL,2013,71.68333333333334
FL,2014,70.64166666666667
FL,2015,73.35833333333333
FL,2016,72.46666666666667
FL,2017,72.84166666666667
FL,2018,72.275
FL,2019,73.18333333333334
FL,2020,73.22500000000001
FL,2021,72.19166666666666
FL,2022,72.52499999999999
FL,2023,73.26666666666667
FL,2024,72.89999999999999
FL,2025,64.475
GA,1955,63.5
GA,1956,63.78333333333333
GA,1957,64.09166666666667
GA,1958,61.84166666666667
GA,1959,63.525
GA,1960,62.01666666666667
GA,1961,62.59166666666667
GA,1962,63.09166666666667
GA,1963,61.88333333333333
GA,1964,62.56666666666666
GA,1965,63.13333333333333
GA,1966,61.725
GA,1967,62.43333333333334
GA,1968,61.625
GA,1969,61.69166666666666
GA,1970,62.824999999999996
GA,1971,63.30833333333334
GA,1972,63.458333333333336
GA,1973,63.44166666666666
GA,1974,63.833333333333336
GA,1975,63.71666666666667
GA,1976,61.475
GA,1977,62.85
GA,1978,62.583333333333336
GA,1979,62.26666666666667
GA,1980,63.00833333333333
GA,1981,62.35
GA,1982,63.93333333333334
GA,1983,61.925000000000004
GA,1984,63.324999999999996
GA,1985,63.75
GA,1986,65.03333333333333
GA,1987,63.26666666666667
GA,1988,62.4
GA,1989,63.225
GA,1990,65.65833333333333
GA,1991,64.54166666666667
GA,1992,62.73333333333333
GA,1993,63.225
GA,1994,63.625
GA,1995,63.48333333333333
GA,1996,62.65
GA,1997,63.208333333333336
GA,1998,65.69166666666666
GA,1999,64.49166666666666
GA,2000,63.35
GA,2001,63.94166666666666
GA,2002,64.35833333333333
GA,2003,63.31666666666666
GA,2004,63.974999999999994
GA,2005,63.791666666666664
GA,2006,64.55
GA,2007,64.8
GA,2008,63.51666666666667
GA,2009,63.416666666666664
GA,2010,62.958333333333336
GA,2011,64.64166666666667
GA,2012,65.5
GA,2013,63.39166666666667
GA,2014,62.96666666666667
GA,2015,65.30833333333332
GA,2016,65.79166666666667
GA,2017,65.825
GA,2018,65.08333333333333
GA,2019,66.21666666666667
GA,2020,65.60833333333333
GA,2021,64.60000000000001
GA,2022,64.78333333333333
GA,2023,65.60000000000001
GA,2024,65.95
GA,2025,55.4
IA,1955,47.916666666666664
IA,1956,48.10833333333334
IA,1957,47.541666666666664
IA,1958,46.85833333333333
IA,1959,46.89166666666667
IA,1960,46.09166666666667
IA,1961,46.68333333333334
IA,1962,46.46666666666667
IA,1963,47.69166666666666
IA,1964,48.525
IA,1965,46.725
IA,1966,46.38333333333333
IA,1967,46.625
IA,1968,47.625
IA,1969,46.041666666666664
IA,1970,46.925000000000004
IA,1971,47.43333333333334
IA,1972,45.49166666666667
IA,1973,48.73333333333333
IA,1974,47.599999999999994
IA,1975,47.39166666666667
IA,1976,47.35833333333333
IA,1977,48.35833333333333
IA,1978,45.31666666666667
IA,1979,45.13333333333333
IA,1980,48.00833333333333
IA,1981,48.96666666666667
IA,1982,46.074999999999996
IA,1983,47.65
IA,1984,47.76666666666667
IA,1985,45.900000000000006
IA,1986,48.550000000000004
IA,1987,51.18333333333333
IA,1988,48.699999999999996
IA,1989,46.6
IA,1990,49.458333333333336
IA,1991,48.583333333333336
IA,1992,47.84166666666667
IA,1993,45.666666666666664
IA,1994,47.458333333333336
IA,1995,47.25833333333333
IA,1996,45.166666666666664
IA,1997,47.1
IA,1998,50.916666666666664
IA,1999,49.65833333333333
IA,2000,48.63333333333333
IA,2001,49.05833333333334
IA,2002,49.166666666666664
IA,2003,47.90833333333333
IA,2004,48.50833333333333
IA,2005,49.61666666666667
IA,2006,50.39166666666667
IA,2007,48.89166666666667
IA,2008,45.916666666666664
IA,2009,46.699999999999996
IA,2010,48.19166666666666
IA,2011,48.40833333333333
IA,2012,52.06666666666666
IA,2013,46.65833333333333
IA,2014,45.458333333333336
IA,2015,49.26666666666667
IA,2016,50.71666666666667
IA,2017,50.0
IA,2018,47.49166666666667
IA,2019,46.81666666666666
IA,2020,49.15
IA,2021,50.0
IA,2022,47.50833333333333
IA,2023,50.51666666666667
IA,2024,51.5
IA,2025,33.05
ID,1955,40.300000000000004
ID,1956,42.00833333333333
ID,1957,42.06666666666667
ID,1958,44.48333333333333
ID,1959,42.63333333333333
ID,1960,42.275
ID,1961,43.55833333333333
ID,1962,42.43333333333333
ID,1963,43.49166666666667
ID,1964,40.6
ID,1965,42.475
ID,1966,43.48333333333333
ID,1967,43.59166666666667
ID,1968,42.30833333333333
ID,1969,42.75
ID,1970,42.475
ID,1971,41.699999999999996
ID,1972,42.13333333333333
ID,1973,42.78333333333333
ID,1974,43.041666666666664
ID,1975,41.166666666666664
ID,1976,42.141666666666666
ID,1977,42.99166666666667
ID,1978,42.358333333333334
ID,1979,42.36666666666667
ID,1980,43.25833333333333
ID,1981,44.34166666666667
ID,1982,41.050000000000004
ID,1983,42.875
ID,1984,40.75833333333333
ID,1985,39.666666666666664
ID,1986,44.074999999999996
ID,1987,44.50833333333333
ID,1988,44.18333333333334
ID,1989,42.75
ID,1990,43.449999999999996
ID,1991,43.275
ID,1992,44.975
ID,1993,40.90833333333334
ID,1994,44.324999999999996
ID,1995,43.65
ID,1996,43.175000000000004
ID,1997,43.23333333333333
ID,1998,44.324999999999996
ID,1999,43.583333333333336
ID,2000,43.93333333333334
ID,2001,44.24166666666667
ID,2002,42.958333333333336
ID,2003,45.36666666666667
ID,2004,44.15
ID,2005,43.583333333333336
ID,2006,44.18333333333334
ID,2007,44.775
ID,2008,42.525
ID,2009,42.81666666666666
ID,2010,43.324999999999996
ID,2011,42.38333333333333
ID,2012,45.1
ID,2013,43.708333333333336
ID,2014,45.1
ID,2015,46.375
ID,2016,45.09166666666667
ID,2017,44.25833333333333
ID,2018,44.525000000000006
ID,2019,42.98333333333333
ID,2020,44.333333333333336
ID,2021,45.416666666666664
ID,2022,43.53333333333333
ID,2023,43.76666666666667
ID,2024,45.46666666666667
ID,2025,32.15
IL,1955,52.425000000000004
IL,1956,52.65
IL,1957,51.824999999999996
IL,1958,50.050000000000004
IL,1959,51.88333333333333
IL,1960,50.31666666666666
IL,1961,51.10833333333333
IL,1962,50.89166666666667
IL,1963,50.675000000000004
IL,1964,52.48333333333333
IL,1965,51.94166666666666
IL,1966,50.574999999999996
IL,1967,50.55833333333334
IL,1968,51.11666666666667
IL,1969,50.4
IL,1970,51.21666666666667
IL,1971,52.21666666666667
IL,1972,50.324999999999996
IL,1973,53.041666666666664
IL,1974,51.61666666666667
IL,1975,51.99166666666667
IL,1976,50.375
IL,1977,51.50833333333333
IL,1978,49.56666666666666
IL,1979,49.36666666666667
IL,1980,51.300000000000004
IL,1981,51.75
IL,1982,50.68333333333334
IL,1983,51.99166666666667
IL,1984,51.800000000000004
IL,1985,50.63333333333333
IL,1986,52.833333333333336
IL,1987,54.09166666666667
IL,1988,52.10833333333333
IL,1989,50.4
IL,1990,53.55833333333334
IL,1991,53.73333333333333
IL,1992,51.88333333333333
IL,1993,50.85833333333333
IL,1994,51.98333333333333
IL,1995,51.59166666666667
IL,1996,50.125
IL,1997,50.958333333333336
IL,1998,55.21666666666667
IL,1999,53.53333333333333
IL,2000,52.199999999999996
IL,2001,53.35833333333333
IL,2002,53.24166666666667
IL,2003,51.708333333333336
IL,2004,52.583333333333336
IL,2005,53.699999999999996
IL,2006,54.0
IL,2007,53.675000000000004
IL,2008,50.916666666666664
IL,2009,51.425000000000004
IL,2010,52.89166666666667
IL,2011,53.15
IL,2012,55.775
IL,2013,51.083333333333336
IL,2014,49.48333333333333
IL,2015,52.86666666666667
IL,2016,54.73333333333333
IL,2017,54.39166666666667
IL,2018,52.475
IL,2019,52.1
IL,2020,53.30833333333333
IL,2021,53.76666666666666
IL,2022,52.05833333333333
IL,2023,54.74166666666667
IL,2024,55.51666666666667
IL,2025,38.475
IN,1955,52.13333333333333
IN,1956,52.11666666666667
IN,1957,51.61666666666667
IN,1958,49.449999999999996
IN,1959,51.96666666666667
IN,1960,50.050000000000004
IN,1961,50.81666666666666
IN,1962,50.50833333333333
IN,1963,49.61666666666667
IN,1964,51.949999999999996
IN,1965,51.550000000000004
IN,1966,50.15
IN,1967,50.28333333333333
IN,1968,50.708333333333336
IN,1969,50.13333333333333
IN,1970,50.975
IN,1971,51.55833333333334
IN,1972,50.21666666666667
IN,1973,52.916666666666664
IN,1974,51.291666666666664
IN,1975,51.99166666666667
IN,1976,49.96666666666667
IN,1977,51.041666666666664
IN,1978,49.050000000000004
IN,1979,49.24166666666667
IN,1980,50.51666666666667
IN,1981,50.791666666666664
IN,1982,50.699999999999996
IN,1983,51.80833333333334
IN,1984,51.26666666666667
IN,1985,51.01666666666667
IN,1986,52.400000000000006
IN,1987,53.224999999999994
IN,1988,51.28333333333333
IN,1989,50.18333333333334
IN,1990,53.291666666666664
IN,1991,53.708333333333336
IN,1992,51.28333333333333
IN,1993,50.775000000000006
IN,1994,51.49166666666667
IN,1995,51.49166666666667
IN,1996,50.050000000000004
IN,1997,50.5
IN,1998,54.94166666666666
IN,1999,53.208333333333336
IN,2000,51.55833333333334
IN,2001,53.15833333333333
IN,2002,53.11666666666667
IN,2003,51.06666666666666
IN,2004,52.21666666666667
IN,2005,52.85
IN,2006,53.425000000000004
IN,2007,53.28333333333333
IN,2008,51.041666666666664
IN,2009,51.28333333333333
IN,2010,52.6
IN,2011,53.06666666666666
IN,2012,55.13333333333333
IN,2013,51.208333333333336
IN,2014,49.40833333333333
IN,2015,52.30833333333334
IN,2016,54.225
IN,2017,53.975
IN,2018,52.59166666666667
IN,2019,52.4
IN,2020,53.291666666666664
IN,2021,53.5
IN,2022,52.175000000000004
IN,2023,54.324999999999996
IN,2024,55.19166666666666
IN,2025,38.225
KS,1955,54.583333333333336
KS,1956,55.93333333333334
KS,1957,53.64166666666667
KS,1958,53.14166666666667
KS,1959,53.574999999999996
KS,1960,52.666666666666664
KS,1961,52.65833333333333
KS,1962,54.31666666666666
KS,1963,55.833333333333336
KS,1964,54.86666666666667
KS,1965,54.449999999999996
KS,1966,53.449999999999996
KS,1967,53.85
KS,1968,53.48333333333333
KS,1969,53.14166666666667
KS,1970,54.0
KS,1971,53.824999999999996
KS,1972,53.19166666666666
KS,1973,53.99166666666667
KS,1974,54.375
KS,1975,53.725
KS,1976,54.199999999999996
KS,1977,55.449999999999996
KS,1978,52.699999999999996
KS,1979,52.291666666666664
KS,1980,55.083333333333336
KS,1981,55.666666666666664
KS,1982,53.025
KS,1983,53.19166666666666
KS,1984,53.975
KS,1985,52.53333333333333
KS,1986,56.19166666666666
KS,1987,55.449999999999996
KS,1988,54.73333333333333
KS,1989,53.14166666666667
KS,1990,55.50833333333333
KS,1991,55.699999999999996
KS,1992,54.15833333333333
KS,1993,51.93333333333334
KS,1994,54.916666666666664
KS,1995,53.925000000000004
KS,1996,53.083333333333336
KS,1997,53.666666666666664
KS,1998,56.31666666666667
KS,1999,55.99166666666667
KS,2000,55.53333333333333
KS,2001,55.916666666666664
KS,2002,55.18333333333334
KS,2003,54.96666666666667
KS,2004,55.06666666666667
KS,2005,55.89166666666667
KS,2006,56.875
KS,2007,55.074999999999996
KS,2008,53.574999999999996
KS,2009,53.6
KS,2010,55.275
KS,2011,55.208333333333336
KS,2012,58.21666666666667
KS,2013,53.71666666666667
KS,2014,53.68333333333334
KS,2015,56.300000000000004
KS,2016,57.166666666666664
KS,2017,56.5
KS,2018,54.6
KS,2019,53.81666666666666
KS,2020,55.61666666666667
KS,2021,56.11666666666667
KS,2022,55.15
KS,2023,56.34166666666667
KS,2024,57.51666666666667
KS,2025,40.400000000000006
KY,1955,55.958333333333336
KY,1956,56.09166666666667
KY,1957,56.09166666666667
KY,1958,53.03333333333333
KY,1959,55.833333333333336
KY,1960,53.63333333333333
KY,1961,54.475
KY,1962,54.65
KY,1963,53.666666666666664
KY,1964,55.59166666666667
KY,1965,55.574999999999996
KY,1966,53.775
KY,1967,54.39166666666667
KY,1968,53.99166666666667
KY,1969,53.9
KY,1970,55.041666666666664
KY,1971,55.43333333333334
KY,1972,54.74166666666667
KY,1973,56.25833333333333
KY,1974,55.449999999999996
KY,1975,55.775
KY,1976,53.324999999999996
KY,1977,54.791666666666664
KY,1978,53.36666666666667
KY,1979,53.425000000000004
KY,1980,54.63333333333333
KY,1981,54.34166666666667
KY,1982,55.31666666666666
KY,1983,55.050000000000004
KY,1984,55.324999999999996
KY,1985,55.03333333333333
KY,1986,56.61666666666667
KY,1987,56.475
KY,1988,54.800000000000004
KY,1989,54.34166666666667
KY,1990,57.31666666666666
KY,1991,57.375
KY,1992,55.083333333333336
KY,1993,55.0
KY,1994,55.39166666666667
KY,1995,55.36666666666667
KY,1996,54.4
KY,1997,54.475
KY,1998,58.18333333333334
KY,1999,57.25833333333333
KY,2000,55.666666666666664
KY,2001,56.59166666666667
KY,2002,56.833333333333336
KY,2003,55.24166666666667
KY,2004,56.40833333333333
KY,2005,56.78333333333333
KY,2006,56.80833333333334
KY,2007,57.71666666666667
KY,2008,55.35
KY,2009,55.39166666666667
KY,2010,56.00833333333333
KY,2011,56.925000000000004
KY,2012,58.40833333333333
KY,2013,55.041666666666664
KY,2014,54.34166666666667
KY,2015,56.56666666666666
KY,2016,57.925000000000004
KY,2017,57.81666666666666
KY,2018,56.958333333333336
KY,2019,57.475
KY,2020,57.14166666666667
KY,2021,56.958333333333336
KY,2022,56.324999999999996
KY,2023,58.09166666666666
KY,2024,58.791666666666664
KY,2025,44.225
LA,1955,66.85000000000001
LA,1956,67.02499999999999
LA,1957,67.06666666666666
LA,1958,64.94166666666666
LA,1959,65.8
LA,1960,65.125
LA,1961,65.06666666666666
LA,1962,66.49166666666666
LA,1963,65.86666666666666
LA,1964,66.05833333333332
LA,1965,66.83333333333333
LA,1966,65.175
LA,1967,65.75
LA,1968,64.36666666666666
LA,1969,65.625
LA,1970,65.34166666666667
LA,1971,66.48333333333333
LA,1972,66.48333333333333
LA,1973,66.23333333333333
LA,1974,66.51666666666667
LA,1975,66.08333333333333
LA,1976,64.33333333333333
LA,1977,66.05
LA,1978,65.08333333333333
LA,1979,64.54166666666667
LA,1980,66.05
LA,1981,66.05
LA,1982,66.675
LA,1983,64.36666666666666
LA,1984,66.31666666666666
LA,1985,66.35833333333333
LA,1986,67.3
LA,1987,65.99166666666666
LA,1988,65.63333333333334
LA,1989,65.45
LA,1990,67.80833333333334
LA,1991,66.91666666666667
LA,1992,65.825
LA,1993,65.60833333333333
LA,1994,66.45833333333333
LA,1995,66.77499999999999
LA,1996,66.15833333333333
LA,1997,66.03333333333333
LA,1998,68.64166666666667
LA,1999,67.85
LA,2000,67.24166666666666
LA,2001,66.65833333333333
LA,2002,66.64166666666667
LA,2003,66.375
LA,2004,67.14166666666667
LA,2005,67.50833333333334
LA,2006,67.77499999999999
LA,2007,67.38333333333334
LA,2008,66.64166666666667
LA,2009,66.85000000000001
LA,2010,66.45833333333333
LA,2011,67.71666666666667
LA,2012,68.71666666666667
LA,2013,66.25
LA,2014,65.075
LA,2015,68.09166666666667
LA,2016,68.74166666666666
LA,2017,68.71666666666667
LA,2018,67.77499999999999
LA,2019,67.70833333333333
LA,2020,68.15833333333333
LA,2021,67.48333333333333
LA,2022,67.25
LA,2023,69.63333333333334
LA,2024,69.20833333333333
LA,2025,58.725
MA,1955,47.48333333333333
MA,1956,46.35
MA,1957,48.225
MA,1958,45.708333333333336
MA,1959,47.900000000000006
MA,1960,46.85833333333333
MA,1961,47.041666666666664
MA,1962,45.56666666666666
MA,1963,46.30833333333334
MA,1964,46.80833333333334
MA,1965,46.300000000000004
MA,1966,46.89166666666666
MA,1967,46.01666666666667
MA,1968,46.48333333333333
MA,1969,47.14166666666667
MA,1970,46.65833333333333
MA,1971,47.041666666666664
MA,1972,45.94166666666666
MA,1973,48.975
MA,1974,47.10833333333333
MA,1975,48.0
MA,1976,46.583333333333336
MA,1977,47.13333333333333
MA,1978,45.699999999999996
MA,1979,47.86666666666667
MA,1980,46.574999999999996
MA,1981,47.225
MA,1982,46.775
MA,1983,48.475
MA,1984,47.958333333333336
MA,1985,47.23333333333333
MA,1986,47.175000000000004
MA,1987,47.4
MA,1988,47.19166666666666
MA,1989,46.65
MA,1990,49.675000000000004
MA,1991,49.56666666666666
MA,1992,46.4
MA,1993,47.30833333333334
MA,1994,47.65
MA,1995,47.791666666666664
MA,1996,47.324999999999996
MA,1997,47.35833333333333
MA,1998,50.36666666666667
MA,1999,49.78333333333333
MA,2000,47.51666666666667
MA,2001,49.09166666666667
MA,2002,49.34166666666667
MA,2003,47.10833333333333
MA,2004,47.61666666666667
MA,2005,48.39166666666667
MA,2006,50.11666666666667
MA,2007,48.291666666666664
MA,2008,48.60833333333333
MA,2009,47.74166666666667
MA,2010,50.349999999999994
MA,2011,49.666666666666664
MA,2012,51.333333333333336
MA,2013,48.800000000000004
MA,2014,47.725
MA,2015,48.458333333333336
MA,2016,50.31666666666666
MA,2017,49.574999999999996
MA,2018,49.474999999999994
MA,2019,48.541666666666664
MA,2020,50.9
MA,2021,50.80833333333334
MA,2022,50.300000000000004
MA,2023,51.26666666666667
MA,2024,51.14166666666666
MA,2025,34.85
MD,1955,54.10833333333333
MD,1956,53.84166666666667
MD,1957,54.55833333333334
MD,1958,52.0
MD,1959,55.225
MD,1960,52.86666666666667
MD,1961,53.51666666666667
MD,1962,52.48333333333333
MD,1963,52.449999999999996
MD,1964,53.791666666666664
MD,1965,53.458333333333336
MD,1966,52.85833333333333
MD,1967,52.416666666666664
MD,1968,53.35
MD,1969,53.00833333333333
MD,1970,53.666666666666664
MD,1971,54.041666666666664
MD,1972,53.1
MD,1973,55.06666666666666
MD,1974,54.208333333333336
MD,1975,54.59166666666667
MD,1976,53.150000000000006
MD,1977,53.916666666666664
MD,1978,52.458333333333336
MD,1979,53.074999999999996
MD,1980,53.541666666666664
MD,1981,53.09166666666667
MD,1982,53.583333333333336
MD,1983,54.15833333333333
MD,1984,54.150000000000006
MD,1985,54.76666666666667
MD,1986,54.574999999999996
MD,1987,54.69166666666666
MD,1988,53.666666666666664
MD,1989,53.541666666666664
MD,1990,56.60833333333333
MD,1991,56.49166666666667
MD,1992,53.48333333333333
MD,1993,54.21666666666667
MD,1994,54.35833333333333
MD,1995,54.39166666666667
MD,1996,53.24166666666667
MD,1997,54.041666666666664
MD,1998,57.00833333333333
MD,1999,55.708333333333336
MD,2000,54.13333333333333
MD,2001,55.324999999999996
MD,2002,56.275
MD,2003,53.916666666666664
MD,2004,55.166666666666664
MD,2005,55.166666666666664
MD,2006,56.51666666666667
MD,2007,55.69166666666666
MD,2008,55.31666666666666
MD,2009,54.60833333333333
MD,2010,55.85
MD,2011,56.525
MD,2012,57.49166666666667
MD,2013,54.71666666666667
MD,2014,53.56666666666667
MD,2015,55.44166666666666
MD,2016,56.46666666666667
MD,2017,56.68333333333334
MD,2018,55.925000000000004
MD,2019,56.55833333333334
MD,2020,57.199999999999996
MD,2021,56.84166666666667
MD,2022,55.71666666666667
MD,2023,57.300000000000004
MD,2024,57.5
MD,2025,42.925
ME,1955,40.43333333333333
ME,1956,39.333333333333336
ME,1957,41.083333333333336
ME,1958,39.61666666666667
ME,1959,40.7
ME,1960,41.225
ME,1961,40.733333333333334
ME,1962,39.00833333333333
ME,1963,39.59166666666667
ME,1964,40.1
ME,1965,39.300000000000004
ME,1966,41.075
ME,1967,39.416666666666664
ME,1968,39.75
ME,1969,40.9
ME,1970,40.1
ME,1971,39.99166666666667
ME,1972,38.516666666666666
ME,1973,42.25
ME,1974,39.6
ME,1975,40.824999999999996
ME,1976,39.525
ME,1977,40.483333333333334
ME,1978,39.300000000000004
ME,1979,41.833333333333336
ME,1980,39.541666666666664
ME,1981,41.78333333333333
ME,1982,39.85
ME,1983,42.11666666666667
ME,1984,41.35
ME,1985,39.90833333333333
ME,1986,40.06666666666667
ME,1987,41.06666666666667
ME,1988,40.925
ME,1989,39.28333333333333
ME,1990,42.40833333333334
ME,1991,41.708333333333336
ME,1992,39.824999999999996
ME,1993,39.95
ME,1994,40.425000000000004
ME,1995,40.93333333333333
ME,1996,40.975
ME,1997,39.80833333333333
ME,1998,43.49166666666667
ME,1999,43.800000000000004
ME,2000,40.93333333333333
ME,2001,42.65
ME,2002,41.699999999999996
ME,2003,40.449999999999996
ME,2004,40.44166666666667
ME,2005,41.833333333333336
ME,2006,43.975
ME,2007,40.71666666666667
ME,2008,41.608333333333334
ME,2009,40.85833333333333
ME,2010,44.63333333333333
ME,2011,42.81666666666666
ME,2012,43.85833333333333
ME,2013,41.96666666666667
ME,2014,41.19166666666667
ME,2015,41.225
ME,2016,43.25833333333333
ME,2017,42.36666666666667
ME,2018,41.766666666666666
ME,2019,40.675000000000004
ME,2020,43.50833333333333
ME,2021,44.225
ME,2022,43.38333333333333
ME,2023,44.31666666666666
ME,2024,44.98333333333333
ME,2025,25.775
MI,1955,45.175000000000004
MI,1956,43.44166666666666
MI,1957,43.61666666666667
MI,1958,42.88333333333333
MI,1959,43.76666666666667
MI,1960,43.25
MI,1961,44.125
MI,1962,42.90833333333333
MI,1963,42.88333333333333
MI,1964,44.69166666666666
MI,1965,42.949999999999996
MI,1966,43.333333333333336
MI,1967,42.61666666666667
MI,1968,44.00833333333333
MI,1969,43.425000000000004
MI,1970,43.583333333333336
MI,1971,43.99166666666667
MI,1972,41.725
MI,1973,45.61666666666667
MI,1974,43.25833333333333
MI,1975,44.60833333333333
MI,1976,42.63333333333333
MI,1977,44.0
MI,1978,42.38333333333333
MI,1979,42.4
MI,1980,42.85
MI,1981,44.025000000000006
MI,1982,43.208333333333336
MI,1983,44.725
MI,1984,44.30833333333334
MI,1985,43.458333333333336
MI,1986,44.458333333333336
MI,1987,46.875
MI,1988,44.51666666666667
MI,1989,42.625
MI,1990,45.666666666666664
MI,1991,45.84166666666667
MI,1992,43.35
MI,1993,43.25
MI,1994,43.85833333333333
MI,1995,44.208333333333336
MI,1996,42.5
MI,1997,43.53333333333333
MI,1998,48.25
MI,1999,46.36666666666667
MI,2000,45.01666666666666
MI,2001,46.800000000000004
MI,2002,45.74166666666667
MI,2003,43.96666666666667
MI,2004,44.583333333333336
MI,2005,46.041666666666664
MI,2006,47.01666666666667
MI,2007,46.09166666666667
MI,2008,44.03333333333333
MI,2009,43.775
MI,2010,47.074999999999996
MI,2011,45.61666666666667
MI,2012,48.425000000000004
MI,2013,44.05833333333334
MI,2014,41.88333333333333
MI,2015,45.10833333333333
MI,2016,47.36666666666667
MI,2017,46.291666666666664
MI,2018,45.10833333333333
MI,2019,43.93333333333334
MI,2020,46.541666666666664
MI,2021,47.4
MI,2022,45.06666666666666
MI,2023,47.425000000000004
MI,2024,48.80833333333334
MI,2025,29.599999999999998
MN,1955,40.041666666666664
MN,1956,39.63333333333333
MN,1957,40.05833333333333
MN,1958,40.6
MN,1959,40.14166666666667
MN,1960,39.833333333333336
MN,1961,41.050000000000004
MN,1962,39.766666666666666
MN,1963,41.18333333333333
MN,1964,40.858333333333334
MN,1965,38.25833333333333
MN,1966,38.59166666666667
MN,1967,38.9
MN,1968,40.574999999999996
MN,1969,39.541666666666664
MN,1970,39.1
MN,1971,39.63333333333333
MN,1972,37.666666666666664
MN,1973,42.266666666666666
MN,1974,40.15
MN,1975,40.11666666666667
MN,1976,40.483333333333334
MN,1977,41.199999999999996
MN,1978,39.041666666666664
MN,1979,37.8
MN,1980,40.708333333333336
MN,1981,42.550000000000004
MN,1982,39.025
MN,1983,41.38333333333333
MN,1984,41.30833333333333
MN,1985,38.699999999999996
MN,1986,41.49166666666667
MN,1987,45.26666666666667
MN,1988,41.550000000000004
MN,1989,39.1
MN,1990,42.458333333333336
MN,1991,41.74166666666667
MN,1992,40.891666666666666
MN,1993,38.925000000000004
MN,1994,40.925
MN,1995,40.300000000000004
MN,1996,37.61666666666667
MN,1997,40.56666666666667
MN,1998,44.90833333333333
MN,1999,43.69166666666666
MN,2000,41.81666666666667
MN,2001,43.050000000000004
MN,2002,42.041666666666664
MN,2003,41.516666666666666
MN,2004,41.300000000000004
MN,2005,43.06666666666666
MN,2006,44.38333333333333
MN,2007,42.4
MN,2008,39.416666666666664
MN,2009,40.10833333333333
MN,2010,42.84166666666667
MN,2011,42.025
MN,2012,45.208333333333336
MN,2013,39.324999999999996
MN,2014,38.641666666666666
MN,2015,43.49166666666667
MN,2016,44.56666666666666
MN,2017,42.63333333333333
MN,2018,40.59166666666667
MN,2019,39.300000000000004
MN,2020,42.40833333333333
MN,2021,44.300000000000004
MN,2022,40.0
MN,2023,43.75833333333333
MN,2024,45.53333333333333
MN,2025,23.975
MO,1955,54.96666666666667
MO,1956,55.725
MO,1957,54.525000000000006
MO,1958,53.0
MO,1959,54.28333333333333
MO,1960,53.11666666666667
MO,1961,53.291666666666664
MO,1962,54.025
MO,1963,54.51666666666667
MO,1964,55.11666666666667
MO,1965,55.03333333333333
MO,1966,53.39166666666667
MO,1967,53.73333333333333
MO,1968,53.375
MO,1969,53.44166666666666
MO,1970,54.074999999999996
MO,1971,54.833333333333336
MO,1972,53.74166666666667
MO,1973,55.24166666666667
MO,1974,54.44166666666666
MO,1975,54.64166666666666
MO,1976,53.625
MO,1977,54.85
MO,1978,52.60833333333333
MO,1979,52.050000000000004
MO,1980,54.975
MO,1981,54.89166666666667
MO,1982,53.51666666666667
MO,1983,53.96666666666667
MO,1984,54.39166666666667
MO,1985,53.00833333333333
MO,1986,55.925000000000004
MO,1987,56.333333333333336
MO,1988,54.56666666666666
MO,1989,53.03333333333333
MO,1990,56.199999999999996
MO,1991,56.06666666666666
MO,1992,54.51666666666667
MO,1993,52.975
MO,1994,54.68333333333334
MO,1995,54.18333333333333
MO,1996,52.94166666666666
MO,1997,53.68333333333334
MO,1998,57.166666666666664
MO,1999,56.36666666666667
MO,2000,55.15
MO,2001,55.80833333333334
MO,2002,55.31666666666666
MO,2003,54.5
MO,2004,54.96666666666667
MO,2005,56.23333333333333
MO,2006,56.75
MO,2007,56.18333333333334
MO,2008,53.43333333333334
MO,2009,53.974999999999994
MO,2010,55.208333333333336
MO,2011,55.64166666666667
MO,2012,58.550000000000004
MO,2013,53.60833333333333
MO,2014,52.875
MO,2015,55.84166666666667
MO,2016,57.44166666666666
MO,2017,57.15
MO,2018,55.199999999999996
MO,2019,54.975
MO,2020,55.75833333333333
MO,2021,56.300000000000004
MO,2022,55.025
MO,2023,57.4
MO,2024,57.90833333333333
MO,2025,41.875
MS,1955,64.10000000000001
MS,1956,64.375
MS,1957,64.25
MS,1958,61.71666666666667
MS,1959,63.275
MS,1960,62.083333333333336
MS,1961,62.333333333333336
MS,1962,63.65
MS,1963,62.675000000000004
MS,1964,63.208333333333336
MS,1965,63.85
MS,1966,62.24166666666667
MS,1967,62.55833333333334
MS,1968,61.49166666666667
MS,1969,62.300000000000004
MS,1970,62.59166666666667
MS,1971,63.38333333333333
MS,1972,63.53333333333333
MS,1973,63.73333333333333
MS,1974,63.46666666666667
MS,1975,63.291666666666664
MS,1976,61.40833333333333
MS,1977,63.300000000000004
MS,1978,62.208333333333336
MS,1979,61.625
MS,1980,63.05833333333334
MS,1981,63.09166666666667
MS,1982,63.75833333333333
MS,1983,61.69166666666666
MS,1984,63.34166666666667
MS,1985,63.199999999999996
MS,1986,64.55833333333334
MS,1987,63.51666666666667
MS,1988,62.708333333333336
MS,1989,62.43333333333334
MS,1990,65.09166666666667
MS,1991,64.31666666666666
MS,1992,62.80833333333333
MS,1993,62.708333333333336
MS,1994,63.541666666666664
MS,1995,63.60833333333333
MS,1996,63.01666666666667
MS,1997,62.90833333333333
MS,1998,65.85000000000001
MS,1999,65.01666666666667
MS,2000,64.21666666666667
MS,2001,63.699999999999996
MS,2002,63.98333333333333
MS,2003,63.26666666666667
MS,2004,64.00833333333334
MS,2005,64.27499999999999
MS,2006,64.75833333333334
MS,2007,64.95
MS,2008,63.324999999999996
MS,2009,63.63333333333333
MS,2010,63.48333333333333
MS,2011,64.45
MS,2012,65.68333333333334
MS,2013,63.083333333333336
MS,2014,62.31666666666666
MS,2015,65.29166666666667
MS,2016,65.90833333333333
MS,2017,65.77499999999999
MS,2018,64.77499999999999
MS,2019,65.22500000000001
MS,2020,65.45
MS,2021,64.68333333333334
MS,2022,64.66666666666667
MS,2023,66.74166666666666
MS,2024,66.425
MS,2025,55.325
MT,1955,38.68333333333333
MT,1956,41.041666666666664
MT,1957,40.708333333333336
MT,1958,42.59166666666666
MT,1959,40.25833333333333
MT,1960,41.141666666666666
MT,1961,42.80833333333334
MT,1962,41.525
MT,1963,42.74166666666667
MT,1964,40.53333333333333
MT,1965,39.725
MT,1966,41.050000000000004
MT,1967,41.525
MT,1968,40.675000000000004
MT,1969,39.9
MT,1970,40.358333333333334
MT,1971,40.40833333333334
MT,1972,39.625
MT,1973,41.949999999999996
MT,1974,42.38333333333333
MT,1975,39.333333333333336
MT,1976,42.68333333333334
MT,1977,41.59166666666667
MT,1978,38.88333333333333
MT,1979,40.166666666666664
MT,1980,42.11666666666667
MT,1981,43.958333333333336
MT,1982,38.99166666666667
MT,1983,41.84166666666667
MT,1984,41.675000000000004
MT,1985,39.141666666666666
MT,1986,42.98333333333333
MT,1987,44.6
MT,1988,44.11666666666667
MT,1989,40.80833333333333
MT,1990,42.80833333333333
MT,1991,42.94166666666666
MT,1992,43.475
MT,1993,39.641666666666666
MT,1994,42.699999999999996
MT,1995,41.74166666666667
MT,1996,39.24166666666667
MT,1997,42.21666666666667
MT,1998,43.849999999999994
MT,1999,44.041666666666664
MT,2000,42.35
MT,2001,43.65
MT,2002,41.44166666666667
MT,2003,43.333333333333336
MT,2004,42.81666666666666
MT,2005,43.05833333333334
MT,2006,44.375
MT,2007,44.025
MT,2008,41.38333333333333
MT,2009,41.141666666666666
MT,2010,41.55833333333333
MT,2011,41.583333333333336
MT,2012,44.53333333333333
MT,2013,42.38333333333333
MT,2014,41.90833333333333
MT,2015,44.85833333333333
MT,2016,44.625
MT,2017,43.175000000000004
MT,2018,41.275
MT,2019,39.875
MT,2020,43.28333333333333
MT,2021,43.96666666666667
MT,2022,42.075
MT,2023,43.85
MT,2024,44.458333333333336
MT,2025,28.1
NC,1955,58.60833333333333
NC,1956,59.125
NC,1957,59.291666666666664
NC,1958,56.76666666666667
NC,1959,59.1
NC,1960,57.19166666666666
NC,1961,57.949999999999996
NC,1962,57.6
NC,1963,56.699999999999996
NC,1964,58.074999999999996
NC,1965,58.15833333333333
NC,1966,56.85
NC,1967,57.15
NC,1968,57.208333333333336
NC,1969,56.958333333333336
NC,1970,58.43333333333334
NC,1971,58.666666666666664
NC,1972,58.041666666666664
NC,1973,58.949999999999996
NC,1974,59.00833333333333
NC,1975,59.333333333333336
NC,1976,57.300000000000004
NC,1977,58.31666666666666
NC,1978,57.44166666666666
NC,1979,57.61666666666667
NC,1980,57.925000000000004
NC,1981,57.175000000000004
NC,1982,58.550000000000004
NC,1983,57.85
NC,1984,58.61666666666667
NC,1985,59.199999999999996
NC,1986,59.791666666666664
NC,1987,58.46666666666667
NC,1988,57.25833333333333
NC,1989,58.208333333333336
NC,1990,61.083333333333336
NC,1991,60.21666666666667
NC,1992,58.208333333333336
NC,1993,58.71666666666667
NC,1994,59.00833333333333
NC,1995,58.425000000000004
NC,1996,57.775
NC,1997,58.09166666666667
NC,1998,60.824999999999996
NC,1999,59.666666666666664
NC,2000,58.38333333333333
NC,2001,59.39166666666667
NC,2002,59.975
NC,2003,58.725
NC,2004,59.34166666666667
NC,2005,59.425000000000004
NC,2006,59.81666666666666
NC,2007,60.475
NC,2008,59.324999999999996
NC,2009,58.88333333333333
NC,2010,59.01666666666667
NC,2011,60.39166666666667
NC,2012,60.71666666666667
NC,2013,58.55833333333334
NC,2014,58.35
NC,2015,60.51666666666666
NC,2016,60.84166666666667
NC,2017,61.0
NC,2018,60.43333333333333
NC,2019,61.324999999999996
NC,2020,60.824999999999996
NC,2021,60.23333333333333
NC,2022,59.925000000000004
NC,2023,60.76666666666667
NC,2024,61.13333333333333
NC,2025,49.55
ND,1955,38.75833333333333
ND,1956,39.1
ND,1957,40.05833333333333
ND,1958,40.625
ND,1959,39.46666666666666
ND,1960,39.59166666666667
ND,1961,41.083333333333336
ND,1962,39.84166666666666
ND,1963,41.93333333333333
ND,1964,39.75
ND,1965,37.641666666666666
ND,1966,38.09166666666666
ND,1967,39.28333333333333
ND,1968,39.46666666666667
ND,1969,38.71666666666667
ND,1970,38.43333333333333
ND,1971,39.06666666666667
ND,1972,37.56666666666667
ND,1973,41.766666666666666
ND,1974,39.90833333333333
ND,1975,39.44166666666667
ND,1976,41.275
ND,1977,41.06666666666667
ND,1978,38.141666666666666
ND,1979,37.225
ND,1980,41.15833333333333
ND,1981,43.21666666666667
ND,1982,37.833333333333336
ND,1983,41.141666666666666
ND,1984,41.041666666666664
ND,1985,38.24166666666667
ND,1986,41.65833333333333
ND,1987,45.025
ND,1988,42.416666666666664
ND,1989,39.391666666666666
ND,1990,42.56666666666667
ND,1991,42.31666666666667
ND,1992,41.24166666666667
ND,1993,38.28333333333333
ND,1994,39.983333333333334
ND,1995,39.625
ND,1996,36.516666666666666
ND,1997,40.69166666666667
ND,1998,43.199999999999996
ND,1999,42.958333333333336
ND,2000,41.074999999999996
ND,2001,42.24166666666667
ND,2002,41.0
ND,2003,40.766666666666666
ND,2004,40.541666666666664
ND,2005,42.4
ND,2006,43.833333333333336
ND,2007,41.766666666666666
ND,2008,39.333333333333336
ND,2009,38.516666666666666
ND,2010,40.875
ND,2011,40.65833333333333
ND,2012,44.13333333333333
ND,2013,38.791666666666664
ND,2014,38.975
ND,2015,43.375
ND,2016,44.36666666666667
ND,2017,42.00833333333333
ND,2018,39.791666666666664
ND,2019,38.0
ND,2020,42.25833333333333
ND,2021,43.800000000000004
ND,2022,39.425000000000004
ND,2023,42.0
ND,2024,43.725
ND,2025,22.25
NE,1955,48.23333333333333
NE,1956,49.275000000000006
NE,1957,47.958333333333336
NE,1958,47.85
NE,1959,47.975
NE,1960,46.949999999999996
NE,1961,47.724999999999994
NE,1962,48.150000000000006
NE,1963,50.06666666666667
NE,1964,48.59166666666667
NE,1965,47.791666666666664
NE,1966,47.449999999999996
NE,1967,48.025
NE,1968,48.01666666666667
NE,1969,47.35
NE,1970,48.25
NE,1971,48.025
NE,1972,47.208333333333336
NE,1973,48.65833333333333
NE,1974,49.23333333333333
NE,1975,47.73333333333333
NE,1976,48.958333333333336
NE,1977,49.80833333333334
NE,1978,46.11666666666667
NE,1979,46.51666666666667
NE,1980,49.48333333333333
NE,1981,50.46666666666667
NE,1982,47.03333333333333
NE,1983,47.90833333333333
NE,1984,48.24166666666667
NE,1985,46.75833333333333
NE,1986,50.25
NE,1987,50.78333333333333
NE,1988,49.59166666666667
NE,1989,47.98333333333333
NE,1990,49.99166666666667
NE,1991,50.11666666666667
NE,1992,48.925000000000004
NE,1993,45.99166666666667
NE,1994,49.225
NE,1995,48.55833333333334
NE,1996,46.60833333333333
NE,1997,48.625
NE,1998,50.6
NE,1999,50.975
NE,2000,49.925000000000004
NE,2001,50.333333333333336
NE,2002,50.00833333333333
NE,2003,49.78333333333333
NE,2004,49.80833333333334
NE,2005,50.699999999999996
NE,2006,51.09166666666667
NE,2007,49.958333333333336
NE,2008,47.69166666666666
NE,2009,47.6
NE,2010,49.34166666666667
NE,2011,48.78333333333333
NE,2012,52.708333333333336
NE,2013,48.458333333333336
NE,2014,48.01666666666667
NE,2015,50.800000000000004
NE,2016,51.65
NE,2017,50.666666666666664
NE,2018,48.25833333333333
NE,2019,47.49166666666667
NE,2020,50.550000000000004
NE,2021,51.041666666666664
NE,2022,49.650000000000006
NE,2023,50.43333333333334
NE,2024,51.949999999999996
NE,2025,34.4
NH,1955,43.025000000000006
NH,1956,41.53333333333333
NH,1957,43.39166666666667
NH,1958,41.30833333333333
NH,1959,43.21666666666667
NH,1960,42.65
NH,1961,42.85
NH,1962,41.074999999999996
NH,1963,41.85
NH,1964,42.15833333333333
NH,1965,41.63333333333333
NH,1966,42.333333333333336
NH,1967,41.641666666666666
NH,1968,41.766666666666666
NH,1969,42.71666666666667
NH,1970,42.325
NH,1971,42.24166666666667
NH,1972,41.175000000000004
NH,1973,44.39166666666667
NH,1974,42.31666666666667
NH,1975,43.333333333333336
NH,1976,41.725
NH,1977,42.74166666666667
NH,1978,41.166666666666664
NH,1979,43.475
NH,1980,41.666666666666664
NH,1981,43.25
NH,1982,42.041666666666664
NH,1983,44.00833333333333
NH,1984,43.55833333333334
NH,1985,42.425000000000004
NH,1986,42.708333333333336
NH,1987,43.05833333333334
NH,1988,42.724999999999994
NH,1989,41.71666666666666
NH,1990,44.958333333333336
NH,1991,44.525
NH,1992,41.800000000000004
NH,1993,42.525
NH,1994,42.708333333333336
NH,1995,43.275
NH,1996,42.96666666666667
NH,1997,42.3
NH,1998,45.975
NH,1999,45.39166666666667
NH,2000,42.99166666666667
NH,2001,44.574999999999996
NH,2002,44.525
NH,2003,42.5
NH,2004,42.98333333333333
NH,2005,44.03333333333333
NH,2006,45.78333333333333
NH,2007,43.1
NH,2008,43.85
NH,2009,42.96666666666667
NH,2010,45.98333333333334
NH,2011,44.93333333333334
NH,2012,46.59166666666667
NH,2013,44.199999999999996
NH,2014,43.050000000000004
NH,2015,43.61666666666667
NH,2016,45.73333333333333
NH,2017,44.93333333333334
NH,2018,44.449999999999996
NH,2019,43.25
NH,2020,45.85
NH,2021,46.06666666666666
NH,2022,45.416666666666664
NH,2023,46.699999999999996
NH,2024,46.958333333333336
NH,2025,28.725
NJ,1955,52.083333333333336
NJ,1956,51.28333333333333
NJ,1957,52.49166666666667
NJ,1958,50.03333333333333
NJ,1959,52.88333333333333
NJ,1960,51.06666666666666
NJ,1961,51.49166666666667
NJ,1962,50.23333333333333
NJ,1963,50.46666666666667
NJ,1964,51.60833333333333
NJ,1965,51.050000000000004
NJ,1966,51.14166666666667
NJ,1967,50.324999999999996
NJ,1968,51.31666666666667
NJ,1969,51.25
NJ,1970,51.416666666666664
NJ,1971,51.958333333333336
NJ,1972,50.96666666666667
NJ,1973,53.416666666666664
NJ,1974,52.09166666666667
NJ,1975,52.78333333333333
NJ,1976,51.1
NJ,1977,51.81666666666666
NJ,1978,50.23333333333333
NJ,1979,51.625
NJ,1980,51.63333333333333
NJ,1981,51.48333333333334
NJ,1982,51.416666666666664
NJ,1983,52.625
NJ,1984,52.225
NJ,1985,52.5
NJ,1986,52.275
NJ,1987,52.38333333333333
NJ,1988,51.574999999999996
NJ,1989,51.46666666666667
NJ,1990,54.449999999999996
NJ,1991,54.39166666666667
NJ,1992,51.208333333333336
NJ,1993,52.224999999999994
NJ,1994,52.19166666666666
NJ,1995,52.458333333333336
NJ,1996,51.525
NJ,1997,52.050000000000004
NJ,1998,55.15833333333333
NJ,1999,54.083333333333336
NJ,2000,52.19166666666666
NJ,2001,53.64166666666667
NJ,2002,54.30833333333333
NJ,2003,51.84166666666667
NJ,2004,53.01666666666667
NJ,2005,53.449999999999996
NJ,2006,54.975
NJ,2007,53.583333333333336
NJ,2008,53.625
NJ,2009,52.73333333333333
NJ,2010,54.675000000000004
NJ,2011,54.85833333333334
NJ,2012,55.86666666666667
NJ,2013,53.208333333333336
NJ,2014,51.94166666666666
NJ,2015,53.86666666666667
NJ,2016,54.949999999999996
NJ,2017,54.59166666666667
NJ,2018,54.175000000000004
NJ,2019,54.275
NJ,2020,55.525
NJ,2021,55.083333333333336
NJ,2022,54.34166666666667
NJ,2023,55.55833333333334
NJ,2024,55.71666666666667
NJ,2025,40.3
NM,1955,52.541666666666664
NM,1956,53.40833333333333
NM,1957,53.11666666666667
NM,1958,53.208333333333336
NM,1959,52.98333333333333
NM,1960,52.25
NM,1961,52.166666666666664
NM,1962,53.291666666666664
NM,1963,53.550000000000004
NM,1964,51.71666666666667
NM,1965,52.583333333333336
NM,1966,52.55833333333334
NM,1967,53.01666666666667
NM,1968,51.96666666666667
NM,1969,53.166666666666664
NM,1970,52.25
NM,1971,52.21666666666667
NM,1972,53.041666666666664
NM,1973,51.48333333333333
NM,1974,52.78333333333333
NM,1975,51.35
NM,1976,51.875
NM,1977,53.699999999999996
NM,1978,53.225
NM,1979,51.800000000000004
NM,1980,53.63333333333333
NM,1981,54.35
NM,1982,52.583333333333336
NM,1983,52.5
NM,1984,52.39166666666667
NM,1985,52.84166666666667
NM,1986,53.574999999999996
NM,1987,51.916666666666664
NM,1988,52.63333333333333
NM,1989,53.98333333333334
NM,1990,53.26666666666667
NM,1991,52.50833333333333
NM,1992,52.55833333333334
NM,1993,53.14166666666667
NM,1994,54.44166666666666
NM,1995,54.31666666666666
NM,1996,54.675000000000004
NM,1997,52.9
NM,1998,54.18333333333334
NM,1999,54.333333333333336
NM,2000,55.208333333333336
NM,2001,54.574999999999996
NM,2002,54.38333333333333
NM,2003,55.48333333333333
NM,2004,53.541666666666664
NM,2005,54.71666666666667
NM,2006,54.74166666666667
NM,2007,54.21666666666667
NM,2008,53.64166666666667
NM,2009,54.275
NM,2010,54.166666666666664
NM,2011,54.61666666666667
NM,2012,56.0
NM,2013,53.675000000000004
NM,2014,54.80833333333334
NM,2015,54.94166666666666
NM,2016,55.51666666666667
NM,2017,56.38333333333333
NM,2018,55.50833333333333
NM,2019,54.449999999999996
NM,2020,56.00833333333333
NM,2021,55.43333333333334
NM,2022,54.59166666666667
NM,2023,55.31666666666666
NM,2024,56.30833333333334
NM,2025,44.0
NV,1955,47.791666666666664
NV,1956,49.15
NV,1957,48.75
NV,1958,50.958333333333336
NV,1959,50.34166666666667
NV,1960,50.13333333333333
NV,1961,49.94166666666666
NV,1962,49.55833333333334
NV,1963,49.800000000000004
NV,1964,48.1
NV,1965,48.65
NV,1966,50.074999999999996
NV,1967,49.583333333333336
NV,1968,49.55833333333334
NV,1969,49.73333333333333
NV,1970,49.291666666666664
NV,1971,48.36666666666667
NV,1972,49.35833333333333
NV,1973,49.31666666666666
NV,1974,50.11666666666667
NV,1975,48.25
NV,1976,49.51666666666667
NV,1977,50.30833333333334
NV,1978,49.375
NV,1979,49.63333333333333
NV,1980,50.35
NV,1981,51.824999999999996
NV,1982,48.10833333333334
NV,1983,49.458333333333336
NV,1984,48.76666666666667
NV,1985,48.69166666666666
NV,1986,51.449999999999996
NV,1987,50.56666666666666
NV,1988,50.675000000000004
NV,1989,50.14166666666667
NV,1990,50.041666666666664
NV,1991,49.89166666666667
NV,1992,51.35833333333333
NV,1993,48.625
NV,1994,50.76666666666667
NV,1995,50.925000000000004
NV,1996,51.541666666666664
NV,1997,50.583333333333336
NV,1998,49.19166666666666
NV,1999,50.574999999999996
NV,2000,51.48333333333333
NV,2001,51.55833333333334
NV,2002,50.800000000000004
NV,2003,52.24166666666667
NV,2004,50.833333333333336
NV,2005,50.666666666666664
NV,2006,50.791666666666664
NV,2007,51.525
NV,2008,50.416666666666664
NV,2009,50.36666666666667
NV,2010,50.050000000000004
NV,2011,49.56666666666666
NV,2012,52.35833333333333
NV,2013,50.49166666666667
NV,2014,53.03333333333333
NV,2015,52.89166666666667
NV,2016,51.93333333333334
NV,2017,52.21666666666667
NV,2018,52.00833333333333
NV,2019,49.875
NV,2020,52.44166666666666
NV,2021,52.541666666666664
NV,2022,51.61666666666667
NV,2023,49.88333333333333
NV,2024,52.64166666666667
NV,2025,40.2
NY,1955,45.39166666666667
NY,1956,43.833333333333336
NY,1957,45.375
NY,1958,43.074999999999996
NY,1959,45.43333333333334
NY,1960,44.26666666666667
NY,1961,44.775
NY,1962,43.458333333333336
NY,1963,43.300000000000004
NY,1964,44.925000000000004
NY,1965,43.675000000000004
NY,1966,44.06666666666666
NY,1967,43.75833333333333
NY,1968,43.925000000000004
NY,1969,44.15
NY,1970,44.083333333333336
NY,1971,44.34166666666667
NY,1972,43.083333333333336
NY,1973,46.375
NY,1974,44.199999999999996
NY,1975,45.48333333333333
NY,1976,43.18333333333334
NY,1977,44.49166666666667
NY,1978,42.86666666666667
NY,1979,44.6
NY,1980,43.60833333333333
NY,1981,44.65
NY,1982,44.35833333333333
NY,1983,45.51666666666667
NY,1984,45.199999999999996
NY,1985,44.68333333333334
NY,1986,45.083333333333336
NY,1987,45.65833333333333
NY,1988,44.84166666666667
NY,1989,43.800000000000004
NY,1990,47.275000000000006
NY,1991,47.083333333333336
NY,1992,43.76666666666667
NY,1993,44.175000000000004
NY,1994,44.34166666666667
NY,1995,45.224999999999994
NY,1996,44.53333333333333
NY,1997,44.324999999999996
NY,1998,48.34166666666667
NY,1999,46.89166666666667
NY,2000,44.88333333333333
NY,2001,46.93333333333334
NY,2002,46.84166666666667
NY,2003,44.525
NY,2004,45.166666666666664
NY,2005,46.225
NY,2006,47.63333333333333
NY,2007,45.65833333333333
NY,2008,45.775
NY,2009,45.01666666666667
NY,2010,47.25
NY,2011,47.125
NY,2012,48.84166666666667
NY,2013,45.725
NY,2014,44.50833333333333
NY,2015,45.69166666666666
NY,2016,47.65
NY,2017,46.925000000000004
NY,2018,46.19166666666666
NY,2019,45.24166666666667
NY,2020,47.81666666666666
NY,2021,47.71666666666667
NY,2022,46.55833333333334
NY,2023,48.21666666666667
NY,2024,48.975
NY,2025,31.25
OH,1955,51.291666666666664
OH,1956,50.63333333333333
OH,1957,50.76666666666667
OH,1958,48.35
OH,1959,51.26666666666667
OH,1960,49.208333333333336
OH,1961,50.025
OH,1962,49.425000000000004
OH,1963,48.5
OH,1964,50.875
OH,1965,50.43333333333334
OH,1966,49.13333333333333
OH,1967,49.49166666666667
OH,1968,49.725
OH,1969,49.36666666666667
OH,1970,50.55833333333333
OH,1971,50.574999999999996
OH,1972,49.35833333333333
OH,1973,52.166666666666664
OH,1974,50.4
OH,1975,51.13333333333333
OH,1976,48.9
OH,1977,50.03333333333333
OH,1978,48.30833333333334
OH,1979,48.88333333333333
OH,1980,49.31666666666666
OH,1981,49.550000000000004
OH,1982,50.324999999999996
OH,1983,51.050000000000004
OH,1984,50.35833333333333
OH,1985,50.40833333333333
OH,1986,51.625
OH,1987,52.25
OH,1988,50.35833333333333
OH,1989,49.425000000000004
OH,1990,52.65833333333333
OH,1991,53.11666666666667
OH,1992,50.28333333333333
OH,1993,50.39166666666667
OH,1994,50.46666666666667
OH,1995,50.34166666666667
OH,1996,49.53333333333333
OH,1997,49.94166666666666
OH,1998,54.09166666666667
OH,1999,52.31666666666666
OH,2000,50.791666666666664
OH,2001,52.36666666666667
OH,2002,52.53333333333333
OH,2003,50.23333333333333
OH,2004,51.34166666666667
OH,2005,51.791666666666664
OH,2006,52.708333333333336
OH,2007,52.26666666666667
OH,2008,50.63333333333333
OH,2009,50.541666666666664
OH,2010,51.699999999999996
OH,2011,52.30833333333334
OH,2012,54.01666666666667
OH,2013,50.875
OH,2014,49.19166666666666
OH,2015,51.61666666666667
OH,2016,53.574999999999996
OH,2017,53.225
OH,2018,52.19166666666666
OH,2019,52.39166666666667
OH,2020,53.025
OH,2021,53.175000000000004
OH,2022,51.73333333333333
OH,2023,53.53333333333333
OH,2024,54.9
OH,2025,37.525
OK,1955,60.24166666666667
OK,1956,61.55833333333334
OK,1957,59.03333333333333
OK,1958,58.65
OK,1959,58.88333333333333
OK,1960,58.35
OK,1961,58.21666666666667
OK,1962,59.775
OK,1963,60.78333333333333
OK,1964,60.09166666666667
OK,1965,60.35833333333333
OK,1966,58.574999999999996
OK,1967,59.49166666666667
OK,1968,58.18333333333334
OK,1969,59.09166666666667
OK,1970,59.25
OK,1971,59.5
OK,1972,59.18333333333334
OK,1973,59.01666666666667
OK,1974,59.583333333333336
OK,1975,58.666666666666664
OK,1976,58.625
OK,1977,60.71666666666667
OK,1978,58.474999999999994
OK,1979,57.38333333333333
OK,1980,60.46666666666667
OK,1981,60.449999999999996
OK,1982,58.949999999999996
OK,1983,57.99166666666667
OK,1984,59.4
OK,1985,58.73333333333333
OK,1986,60.76666666666667
OK,1987,59.59166666666667
OK,1988,59.15
OK,1989,58.06666666666666
OK,1990,60.65833333333333
OK,1991,60.275
OK,1992,59.333333333333336
OK,1993,58.11666666666667
OK,1994,59.71666666666667
OK,1995,59.39166666666667
OK,1996,58.98333333333333
OK,1997,58.73333333333333
OK,1998,62.09166666666667
OK,1999,61.34166666666667
OK,2000,60.30833333333333
OK,2001,60.78333333333333
OK,2002,59.416666666666664
OK,2003,59.86666666666667
OK,2004,60.15
OK,2005,60.84166666666667
OK,2006,62.15833333333333
OK,2007,60.050000000000004
OK,2008,59.550000000000004
OK,2009,59.416666666666664
OK,2010,60.300000000000004
OK,2011,61.64166666666667
OK,2012,63.150000000000006
OK,2013,58.833333333333336
OK,2014,58.88333333333333
OK,2015,60.824999999999996
OK,2016,62.30833333333334
OK,2017,61.80833333333334
OK,2018,60.199999999999996
OK,2019,59.86666666666667
OK,2020,60.708333333333336
OK,2021,60.800000000000004
OK,2022,60.94166666666666
OK,2023,61.833333333333336
OK,2024,63.19166666666666
OK,2025,47.725
OR,1955,44.60833333333333
OR,1956,46.050000000000004
OR,1957,45.958333333333336
OR,1958,49.00833333333333
OR,1959,46.81666666666666
OR,1960,46.5
OR,1961,47.6
OR,1962,46.425000000000004
OR,1963,47.050000000000004
OR,1964,45.333333333333336
OR,1965,46.88333333333333
OR,1966,47.43333333333334
OR,1967,47.800000000000004
OR,1968,47.18333333333334
OR,1969,46.449999999999996
OR,1970,46.73333333333333
OR,1971,45.824999999999996
OR,1972,46.30833333333334
OR,1973,47.291666666666664
OR,1974,47.025
OR,1975,45.824999999999996
OR,1976,46.44166666666666
OR,1977,46.98333333333333
OR,1978,46.53333333333333
OR,1979,46.93333333333334
OR,1980,47.041666666666664
OR,1981,47.80833333333334
OR,1982,45.43333333333334
OR,1983,46.94166666666666
OR,1984,45.64166666666667
OR,1985,44.574999999999996
OR,1986,48.125
OR,1987,48.35
OR,1988,47.925000000000004
OR,1989,46.525
OR,1990,47.40833333333333
OR,1991,47.60833333333333
OR,1992,49.43333333333334
OR,1993,45.46666666666667
OR,1994,47.85
OR,1995,48.074999999999996
OR,1996,47.64166666666667
OR,1997,47.75833333333333
OR,1998,47.80833333333334
OR,1999,47.19166666666666
OR,2000,47.46666666666667
OR,2001,47.78333333333333
OR,2002,47.708333333333336
OR,2003,49.041666666666664
OR,2004,48.449999999999996
OR,2005,47.708333333333336
OR,2006,47.949999999999996
OR,2007,47.78333333333333
OR,2008,46.800000000000004
OR,2009,47.25833333333333
OR,2010,47.11666666666667
OR,2011,46.275
OR,2012,48.01666666666666
OR,2013,47.64166666666667
OR,2014,49.625
OR,2015,50.35833333333333
OR,2016,48.76666666666667
OR,2017,48.03333333333333
OR,2018,48.44166666666666
OR,2019,47.14166666666667
OR,2020,48.824999999999996
OR,2021,49.19166666666666
OR,2022,48.30833333333334
OR,2023,48.025
OR,2024,49.06666666666666
OR,2025,38.425
PA,1955,48.81666666666666
PA,1956,47.86666666666667
PA,1957,48.75833333333333
PA,1958,46.275
PA,1959,49.25
PA,1960,47.208333333333336
PA,1961,47.94166666666666
PA,1962,46.900000000000006
PA,1963,46.50833333333333
PA,1964,48.041666666666664
PA,1965,47.61666666666667
PA,1966,47.26666666666667
PA,1967,47.01666666666667
PA,1968,47.6
PA,1969,47.525
PA,1970,48.06666666666666
PA,1971,48.208333333333336
PA,1972,47.175000000000004
PA,1973,49.69166666666666
PA,1974,48.166666666666664
PA,1975,48.900000000000006
PA,1976,46.833333333333336
PA,1977,47.89166666666667
PA,1978,46.44166666666666
PA,1979,47.46666666666667
PA,1980,47.333333333333336
PA,1981,47.5
PA,1982,47.925000000000004
PA,1983,48.699999999999996
PA,1984,48.23333333333333
PA,1985,48.5
PA,1986,48.791666666666664
PA,1987,49.208333333333336
PA,1988,48.06666666666666
PA,1989,47.449999999999996
PA,1990,50.68333333333334
PA,1991,50.725
PA,1992,47.65
PA,1993,48.23333333333333
PA,1994,48.0
PA,1995,48.46666666666667
PA,1996,47.61666666666667
PA,1997,47.96666666666667
PA,1998,51.75
PA,1999,49.98333333333333
PA,2000,48.5
PA,2001,49.93333333333334
PA,2002,50.300000000000004
PA,2003,47.975
PA,2004,49.06666666666666
PA,2005,49.49166666666667
PA,2006,50.75833333333333
PA,2007,49.5
PA,2008,48.85
PA,2009,48.43333333333334
PA,2010,50.083333333333336
PA,2011,50.43333333333334
PA,2012,51.800000000000004
PA,2013,49.00833333333333
PA,2014,47.43333333333334
PA,2015,49.458333333333336
PA,2016,50.93333333333334
PA,2017,50.60833333333333
PA,2018,49.75833333333333
PA,2019,49.86666666666667
PA,2020,51.166666666666664
PA,2021,51.166666666666664
PA,2022,49.64166666666667
PA,2023,51.50833333333333
PA,2024,52.050000000000004
PA,2025,35.775
RI,1955,48.96666666666667
RI,1956,48.199999999999996
RI,1957,49.98333333333333
RI,1958,47.36666666666667
RI,1959,49.475
RI,1960,48.475
RI,1961,48.75
RI,1962,47.125
RI,1963,48.11666666666667
RI,1964,48.49166666666667
RI,1965,48.041666666666664
RI,1966,48.65833333333333
RI,1967,47.666666666666664
RI,1968,48.333333333333336
RI,1969,48.833333333333336
RI,1970,48.35833333333333
RI,1971,49.13333333333333
RI,1972,48.050000000000004
RI,1973,50.81666666666666
RI,1974,49.083333333333336
RI,1975,49.89166666666667
RI,1976,48.333333333333336
RI,1977,49.15
RI,1978,47.44166666666666
RI,1979,49.708333333333336
RI,1980,48.541666666666664
RI,1981,48.88333333333333
RI,1982,48.60833333333333
RI,1983,50.28333333333333
RI,1984,49.833333333333336
RI,1985,49.175000000000004
RI,1986,48.96666666666667
RI,1987,49.14166666666667
RI,1988,49.01666666666667
RI,1989,48.550000000000004
RI,1990,51.51666666666667
RI,1991,51.375
RI,1992,48.4
RI,1993,49.34166666666667
RI,1994,49.550000000000004
RI,1995,49.89166666666667
RI,1996,49.074999999999996
RI,1997,49.44166666666666
RI,1998,52.01666666666667
RI,1999,51.75
RI,2000,49.46666666666667
RI,2001,51.09166666666667
RI,2002,51.175000000000004
RI,2003,48.98333333333333
RI,2004,49.324999999999996
RI,2005,50.09166666666667
RI,2006,51.84166666666667
RI,2007,50.28333333333333
RI,2008,50.775
RI,2009,49.775
RI,2010,51.96666666666667
RI,2011,51.625
RI,2012,52.875
RI,2013,50.65
RI,2014,49.74166666666667
RI,2015,50.43333333333334
RI,2016,52.208333333333336
RI,2017,51.53333333333333
RI,2018,51.55833333333334
RI,2019,50.625
RI,2020,52.800000000000004
RI,2021,52.49166666666667
RI,2022,52.06666666666666
RI,2023,52.53333333333333
RI,2024,52.25833333333333
RI,2025,37.225
SC,1955,62.53333333333333
SC,1956,63.10833333333334
SC,1957,63.050000000000004
SC,1958,60.699999999999996
SC,1959,62.69166666666666
SC,1960,61.03333333333333
SC,1961,61.69166666666666
SC,1962,61.82500000000001
SC,1963,60.73333333333333
SC,1964,61.69166666666666
SC,1965,62.19166666666666
SC,1966,60.68333333333334
SC,1967,61.125
SC,1968,60.76666666666667
SC,1969,60.69166666666666
SC,1970,62.28333333333333
SC,1971,62.416666666666664
SC,1972,62.074999999999996
SC,1973,62.55833333333334
SC,1974,62.96666666666667
SC,1975,63.14166666666667
SC,1976,60.916666666666664
SC,1977,62.199999999999996
SC,1978,61.574999999999996
SC,1979,61.458333333333336
SC,1980,61.875
SC,1981,61.21666666666667
SC,1982,62.675000000000004
SC,1983,61.30833333333334
SC,1984,62.425000000000004
SC,1985,63.041666666666664
SC,1986,64.075
SC,1987,62.31666666666666
SC,1988,61.175000000000004
SC,1989,62.25
SC,1990,64.95833333333333
SC,1991,63.75833333333333
SC,1992,61.93333333333334
SC,1993,62.574999999999996
SC,1994,62.800000000000004
SC,1995,62.48333333333333
SC,1996,61.775
SC,1997,62.15833333333333
SC,1998,64.7
SC,1999,63.39166666666667
SC,2000,62.24166666666667
SC,2001,63.291666666666664
SC,2002,63.699999999999996
SC,2003,62.35833333333334
SC,2004,63.18333333333334
SC,2005,63.06666666666666
SC,2006,63.61666666666667
SC,2007,64.3
SC,2008,62.949999999999996
SC,2009,62.675000000000004
SC,2010,62.56666666666666
SC,2011,64.10000000000001
SC,2012,64.50833333333334
SC,2013,62.324999999999996
SC,2014,62.21666666666667
SC,2015,64.49166666666666
SC,2016,64.85833333333333
SC,2017,65.06666666666666
SC,2018,64.25
SC,2019,65.01666666666667
SC,2020,64.61666666666666
SC,2021,63.725
SC,2022,63.76666666666667
SC,2023,64.29166666666667
SC,2024,64.81666666666666
SC,2025,53.9
SD,1955,44.4
SD,1956,44.550000000000004
SD,1957,44.23333333333333
SD,1958,45.025
SD,1959,44.36666666666667
SD,1960,43.675000000000004
SD,1961,45.09166666666667
SD,1962,44.30833333333334
SD,1963,46.46666666666667
SD,1964,44.85
SD,1965,43.34166666666667
SD,1966,43.300000000000004
SD,1967,44.225
SD,1968,44.19166666666666
SD,1969,43.63333333333333
SD,1970,43.64166666666666
SD,1971,43.725
SD,1972,42.56666666666667
SD,1973,45.96666666666667
SD,1974,45.949999999999996
SD,1975,43.99166666666667
SD,1976,46.15
SD,1977,45.550000000000004
SD,1978,42.166666666666664
SD,1979,42.574999999999996
SD,1980,46.23333333333333
SD,1981,47.53333333333333
SD,1982,43.01666666666667
SD,1983,44.98333333333333
SD,1984,45.050000000000004
SD,1985,42.925000000000004
SD,1986,45.775
SD,1987,48.550000000000004
SD,1988,46.708333333333336
SD,1989,44.26666666666667
SD,1990,46.916666666666664
SD,1991,46.76666666666667
SD,1992,45.59166666666667
SD,1993,42.300000000000004
SD,1994,44.85833333333333
SD,1995,44.69166666666666
SD,1996,41.63333333333333
SD,1997,44.791666666666664
SD,1998,47.4
SD,1999,47.80833333333334
SD,2000,45.958333333333336
SD,2001,46.49166666666667
SD,2002,46.24166666666667
SD,2003,46.05833333333334
SD,2004,46.291666666666664
SD,2005,47.34166666666667
SD,2006,48.14166666666667
SD,2007,46.800000000000004
SD,2008,43.84166666666667
SD,2009,43.55833333333334
SD,2010,45.13333333333333
SD,2011,44.775
SD,2012,49.26666666666667
SD,2013,44.041666666666664
SD,2014,43.68333333333334
SD,2015,47.53333333333333
SD,2016,48.35
SD,2017,46.76666666666667
SD,2018,44.13333333333333
SD,2019,42.34166666666667
SD,2020,46.75833333333333
SD,2021,48.025
SD,2022,45.175000000000004
SD,2023,46.724999999999994
SD,2024,48.25
SD,2025,29.125
TN,1955,58.050000000000004
TN,1956,58.55833333333334
TN,1957,58.49166666666667
TN,1958,55.625
TN,1959,57.78333333333333
TN,1960,55.84166666666667
TN,1961,56.699999999999996
TN,1962,57.208333333333336
TN,1963,56.050000000000004
TN,1964,57.44166666666666
TN,1965,57.75833333333333
TN,1966,56.199999999999996
TN,1967,56.68333333333334
TN,1968,56.05833333333334
TN,1969,56.11666666666667
TN,1970,57.05833333333334
TN,1971,57.65
TN,1972,57.19166666666666
TN,1973,58.26666666666667
TN,1974,57.68333333333334
TN,1975,57.80833333333334
TN,1976,55.51666666666667
TN,1977,57.28333333333333
TN,1978,56.15833333333333
TN,1979,55.84166666666667
TN,1980,57.25
TN,1981,56.68333333333334
TN,1982,57.61666666666667
TN,1983,56.68333333333334
TN,1984,57.5
TN,1985,57.25833333333333
TN,1986,58.833333333333336
TN,1987,58.35833333333333
TN,1988,56.74166666666667
TN,1989,56.574999999999996
TN,1990,59.425000000000004
TN,1991,59.09166666666667
TN,1992,56.99166666666667
TN,1993,57.175000000000004
TN,1994,57.625
TN,1995,57.44166666666666
TN,1996,56.55833333333334
TN,1997,56.84166666666667
TN,1998,60.15833333333333
TN,1999,59.291666666666664
TN,2000,58.0
TN,2001,58.25
TN,2002,58.724999999999994
TN,2003,57.50833333333333
TN,2004,58.49166666666667
TN,2005,58.75
TN,2006,58.89166666666667
TN,2007,59.94166666666666
TN,2008,57.625
TN,2009,57.583333333333336
TN,2010,57.925000000000004
TN,2011,58.94166666666666
TN,2012,60.333333333333336
TN,2013,57.11666666666667
TN,2014,56.61666666666667
TN,2015,59.03333333333333
TN,2016,60.300000000000004
TN,2017,59.96666666666667
TN,2018,59.074999999999996
TN,2019,59.833333333333336
TN,2020,59.275
TN,2021,59.025
TN,2022,58.541666666666664
TN,2023,59.949999999999996
TN,2024,60.55833333333334
TN,2025,47.675
TX,1955,65.21666666666667
TX,1956,65.95833333333333
TX,1957,64.60833333333333
TX,1958,63.425000000000004
TX,1959,63.699999999999996
TX,1960,63.65833333333333
TX,1961,63.44166666666666
TX,1962,65.14166666666667
TX,1963,65.2
TX,1964,64.675
TX,1965,65.09166666666667
TX,1966,63.48333333333333
TX,1967,64.875
TX,1968,63.10833333333333
TX,1969,64.53333333333333
TX,1970,63.73333333333333
TX,1971,64.925
TX,1972,64.43333333333334
TX,1973,63.71666666666667
TX,1974,64.51666666666667
TX,1975,63.775
TX,1976,62.81666666666666
TX,1977,65.28333333333333
TX,1978,63.76666666666666
TX,1979,62.875
TX,1980,64.98333333333333
TX,1981,64.97500000000001
TX,1982,64.64999999999999
TX,1983,63.38333333333333
TX,1984,64.78333333333333
TX,1985,64.36666666666666
TX,1986,65.51666666666667
TX,1987,63.80833333333334
TX,1988,64.325
TX,1989,64.26666666666667
TX,1990,65.60833333333333
TX,1991,64.75833333333334
TX,1992,64.39166666666667
TX,1993,64.08333333333333
TX,1994,65.575
TX,1995,65.21666666666667
TX,1996,65.44166666666666
TX,1997,63.925000000000004
TX,1998,67.01666666666667
TX,1999,66.60833333333333
TX,2000,66.48333333333333
TX,2001,65.7
TX,2002,65.02499999999999
TX,2003,65.5
TX,2004,65.24166666666666
TX,2005,65.96666666666667
TX,2006,67.11666666666666
TX,2007,64.84166666666667
TX,2008,65.53333333333333
TX,2009,65.75833333333334
TX,2010,65.10000000000001
TX,2011,67.34166666666667
TX,2012,67.76666666666667
TX,2013,65.10833333333333
TX,2014,64.85000000000001
TX,2015,65.8
TX,2016,67.14999999999999
TX,2017,67.31666666666666
TX,2018,66.0
TX,2019,65.89166666666667
TX,2020,66.86666666666666
TX,2021,66.15
TX,2022,66.5
TX,2023,68.10000000000001
TX,2024,68.54166666666667
TX,2025,56.475
UT,1955,46.13333333333333
UT,1956,47.94166666666666
UT,1957,47.324999999999996
UT,1958,49.24166666666667
UT,1959,48.475
UT,1960,48.11666666666667
UT,1961,47.74166666666667
UT,1962,47.88333333333333
UT,1963,48.4
UT,1964,46.06666666666666
UT,1965,47.074999999999996
UT,1966,48.06666666666666
UT,1967,47.458333333333336
UT,1968,46.525
UT,1969,48.025
UT,1970,47.449999999999996
UT,1971,46.64166666666667
UT,1972,48.074999999999996
UT,1973,46.208333333333336
UT,1974,47.73333333333334
UT,1975,45.71666666666667
UT,1976,47.48333333333333
UT,1977,48.94166666666666
UT,1978,47.85833333333333
UT,1979,46.64166666666667
UT,1980,48.475
UT,1981,50.00833333333333
UT,1982,46.38333333333333
UT,1983,47.76666666666667
UT,1984,45.86666666666667
UT,1985,46.98333333333333
UT,1986,49.26666666666667
UT,1987,48.4
UT,1988,48.46666666666667
UT,1989,48.574999999999996
UT,1990,48.69166666666666
UT,1991,47.475
UT,1992,48.975
UT,1993,46.824999999999996
UT,1994,49.675000000000004
UT,1995,49.166666666666664
UT,1996,49.583333333333336
UT,1997,48.18333333333334
UT,1998,48.291666666666664
UT,1999,49.15833333333333
UT,2000,50.21666666666667
UT,2001,49.98333333333333
UT,2002,48.824999999999996
UT,2003,50.6
UT,2004,48.699999999999996
UT,2005,49.333333333333336
UT,2006,49.166666666666664
UT,2007,49.89166666666667
UT,2008,48.10833333333333
UT,2009,48.44166666666666
UT,2010,48.31666666666666
UT,2011,47.60833333333333
UT,2012,50.94166666666666
UT,2013,47.75
UT,2014,50.44166666666667
UT,2015,50.73333333333333
UT,2016,50.23333333333334
UT,2017,50.725
UT,2018,50.4
UT,2019,47.875
UT,2020,50.38333333333333
UT,2021,50.675000000000004
UT,2022,49.53333333333333
UT,2023,48.46666666666667
UT,2024,51.11666666666667
UT,2025,37.775
VA,1955,54.99166666666667
VA,1956,55.28333333333333
VA,1957,55.633333333333326
VA,1958,52.958333333333336
VA,1959,55.81666666666666
VA,1960,53.6
VA,1961,54.26666666666667
VA,1962,53.49166666666667
VA,1963,53.25833333333333
VA,1964,54.53333333333333
VA,1965,54.60833333333333
VA,1966,53.333333333333336
VA,1967,53.38333333333333
VA,1968,53.81666666666666
VA,1969,53.449999999999996
VA,1970,54.76666666666667
VA,1971,54.88333333333333
VA,1972,54.18333333333333
VA,1973,55.625
VA,1974,55.26666666666667
VA,1975,55.425000000000004
VA,1976,53.824999999999996
VA,1977,54.75
VA,1978,53.59166666666667
VA,1979,53.824999999999996
VA,1980,54.4
VA,1981,53.666666666666664
VA,1982,54.68333333333334
VA,1983,54.449999999999996
VA,1984,55.025
VA,1985,55.400000000000006
VA,1986,55.65
VA,1987,55.208333333333336
VA,1988,53.916666666666664
VA,1989,54.36666666666667
VA,1990,57.38333333333333
VA,1991,56.975
VA,1992,54.416666666666664
VA,1993,55.05833333333334
VA,1994,55.300000000000004
VA,1995,54.98333333333333
VA,1996,54.01666666666667
VA,1997,54.5
VA,1998,57.44166666666666
VA,1999,56.26666666666667
VA,2000,54.9
VA,2001,55.84166666666667
VA,2002,56.55833333333334
VA,2003,54.949999999999996
VA,2004,55.88333333333333
VA,2005,55.93333333333334
VA,2006,56.574999999999996
VA,2007,56.800000000000004
VA,2008,55.708333333333336
VA,2009,55.15833333333333
VA,2010,55.925000000000004
VA,2011,56.98333333333333
VA,2012,57.550000000000004
VA,2013,55.11666666666667
VA,2014,54.44166666666666
VA,2015,56.53333333333333
VA,2016,57.11666666666667
VA,2017,57.30833333333334
VA,2018,56.56666666666666
VA,2019,57.475
VA,2020,57.425000000000004
VA,2021,57.050000000000004
VA,2022,56.208333333333336
VA,2023,57.475
VA,2024,58.10833333333333
VA,2025,45.15
VT,1955,41.88333333333333
VT,1956,40.6
VT,1957,42.36666666666667
VT,1958,40.15
VT,1959,42.166666666666664
VT,1960,41.65833333333333
VT,1961,41.75833333333333
VT,1962,40.141666666666666
VT,1963,40.449999999999996
VT,1964,41.55
VT,1965,40.516666666666666
VT,1966,41.28333333333334
VT,1967,40.71666666666667
VT,1968,40.775
VT,1969,41.541666666666664
VT,1970,41.03333333333333
VT,1971,41.03333333333333
VT,1972,40.050000000000004
VT,1973,43.43333333333334
VT,1974,41.19166666666667
VT,1975,42.46666666666667
VT,1976,40.475
VT,1977,41.86666666666667
VT,1978,40.00833333333333
VT,1979,42.416666666666664
VT,1980,40.575
VT,1981,42.225
VT,1982,41.300000000000004
VT,1983,42.61666666666667
VT,1984,42.53333333333333
VT,1985,41.483333333333334
VT,1986,41.833333333333336
VT,1987,42.18333333333333
VT,1988,41.75
VT,1989,40.733333333333334
VT,1990,44.050000000000004
VT,1991,43.525
VT,1992,40.625
VT,1993,41.175000000000004
VT,1994,41.324999999999996
VT,1995,42.324999999999996
VT,1996,41.99166666666667
VT,1997,41.06666666666667
VT,1998,45.175000000000004
VT,1999,44.275
VT,2000,41.824999999999996
VT,2001,43.78333333333333
VT,2002,43.56666666666666
VT,2003,41.483333333333334
VT,2004,41.84166666666667
VT,2005,43.416666666666664
VT,2006,45.05833333333334
VT,2007,42.175
VT,2008,43.050000000000004
VT,2009,42.28333333333333
VT,2010,44.875
VT,2011,44.300000000000004
VT,2012,45.85
VT,2013,43.23333333333333
VT,2014,41.949999999999996
VT,2015,42.63333333333333
VT,2016,44.65
VT,2017,43.800000000000004
VT,2018,43.21666666666667
VT,2019,41.875
VT,2020,44.824999999999996
VT,2021,44.949999999999996
VT,2022,44.208333333333336
VT,2023,45.78333333333333
VT,2024,46.26666666666666
VT,2025,27.725
WA,1955,43.35833333333333
WA,1956,45.291666666666664
WA,1957,45.53333333333333
WA,1958,49.0
WA,1959,45.5
WA,1960,45.65
WA,1961,46.974999999999994
WA,1962,46.15
WA,1963,46.65833333333333
WA,1964,44.75833333333333
WA,1965,46.73333333333334
WA,1966,46.925000000000004
WA,1967,47.84166666666667
WA,1968,46.34166666666667
WA,1969,45.5
WA,1970,45.96666666666667
WA,1971,45.38333333333333
WA,1972,45.26666666666667
WA,1973,46.525
WA,1974,46.73333333333333
WA,1975,45.208333333333336
WA,1976,45.925000000000004
WA,1977,46.21666666666667
WA,1978,45.916666666666664
WA,1979,46.36666666666667
WA,1980,46.05833333333334
WA,1981,47.291666666666664
WA,1982,45.525
WA,1983,46.69166666666666
WA,1984,45.324999999999996
WA,1985,43.93333333333334
WA,1986,47.30833333333334
WA,1987,48.25
WA,1988,47.28333333333333
WA,1989,46.583333333333336
WA,1990,47.26666666666667
WA,1991,47.13333333333333
WA,1992,48.64166666666667
WA,1993,45.574999999999996
WA,1994,47.9
WA,1995,47.541666666666664
WA,1996,45.60833333333333
WA,1997,47.10833333333333
WA,1998,48.6
WA,1999,46.94166666666666
WA,2000,46.175000000000004
WA,2001,46.875
WA,2002,46.93333333333334
WA,2003,48.175000000000004
WA,2004,48.39166666666667
WA,2005,47.333333333333336
WA,2006,47.50833333333333
WA,2007,46.791666666666664
WA,2008,45.75833333333333
WA,2009,46.36666666666667
WA,2010,47.083333333333336
WA,2011,45.525
WA,2012,47.05833333333334
WA,2013,47.150000000000006
WA,2014,48.375
WA,2015,49.975
WA,2016,48.574999999999996
WA,2017,46.81666666666666
WA,2018,48.050000000000004
WA,2019,46.525
WA,2020,48.05833333333334
WA,2021,48.25833333333333
WA,2022,47.09166666666667
WA,2023,48.36666666666667
WA,2024,48.40833333333333
WA,2025,37.575
WI,1955,42.90833333333333
WI,1956,42.1
WI,1957,42.15833333333333
WI,1958,42.016666666666666
WI,1959,41.90833333333333
WI,1960,42.050000000000004
WI,1961,42.900000000000006
WI,1962,41.625
WI,1963,42.05
WI,1964,43.43333333333334
WI,1965,41.25
WI,1966,41.475
WI,1967,40.891666666666666
WI,1968,43.00833333333333
WI,1969,41.69166666666667
WI,1970,42.09166666666667
WI,1971,42.01666666666667
WI,1972,39.949999999999996
WI,1973,44.31666666666666
WI,1974,42.18333333333333
WI,1975,42.61666666666667
WI,1976,41.38333333333333
WI,1977,42.93333333333334
WI,1978,40.983333333333334
WI,1979,40.40833333333333
WI,1980,42.15
WI,1981,43.46666666666667
WI,1982,41.43333333333333
WI,1983,43.35833333333333
WI,1984,43.24166666666667
WI,1985,41.40833333333333
WI,1986,43.291666666666664
WI,1987,46.31666666666666
WI,1988,43.425000000000004
WI,1989,41.108333333333334
WI,1990,44.541666666666664
WI,1991,43.71666666666667
WI,1992,42.73333333333333
WI,1993,41.71666666666667
WI,1994,42.975
WI,1995,42.80833333333333
WI,1996,40.475
WI,1997,42.641666666666666
WI,1998,47.300000000000004
WI,1999,45.375
WI,2000,43.86666666666667
WI,2001,45.324999999999996
WI,2002,44.583333333333336
WI,2003,43.199999999999996
WI,2004,43.51666666666667
WI,2005,45.06666666666667
WI,2006,45.99166666666667
WI,2007,44.74166666666667
WI,2008,41.775
WI,2009,42.38333333333333
WI,2010,45.46666666666667
WI,2011,44.13333333333333
WI,2012,47.39166666666667
WI,2013,41.775
WI,2014,40.225
WI,2015,44.81666666666666
WI,2016,46.19166666666666
WI,2017,44.71666666666667
WI,2018,43.208333333333336
WI,2019,42.141666666666666
WI,2020,44.824999999999996
WI,2021,45.76666666666667
WI,2022,42.85833333333334
WI,2023,46.30833333333334
WI,2024,47.574999999999996
WI,2025,27.3
WV,1955,51.949999999999996
WV,1956,51.875
WV,1957,52.525
WV,1958,49.35
WV,1959,52.40833333333333
WV,1960,50.041666666666664
WV,1961,50.975
WV,1962,50.574999999999996
WV,1963,49.26666666666667
WV,1964,51.34166666666667
WV,1965,51.50833333333333
WV,1966,50.00833333333333
WV,1967,50.39166666666667
WV,1968,50.25
WV,1969,50.125
WV,1970,51.60833333333333
WV,1971,51.50833333333333
WV,1972,50.86666666666667
WV,1973,52.68333333333334
WV,1974,51.81666666666667
WV,1975,52.25833333333333
WV,1976,49.80833333333334
WV,1977,50.875
WV,1978,49.925000000000004
WV,1979,50.19166666666666
WV,1980,50.475
WV,1981,50.025
WV,1982,51.61666666666667
WV,1983,51.225
WV,1984,51.61666666666667
WV,1985,51.63333333333333
WV,1986,52.324999999999996
WV,1987,52.333333333333336
WV,1988,50.916666666666664
WV,1989,50.875
WV,1990,53.93333333333334
WV,1991,53.85
WV,1992,51.26666666666667
WV,1993,51.86666666666667
WV,1994,51.791666666666664
WV,1995,51.574999999999996
WV,1996,50.74166666666667
WV,1997,50.98333333333333
WV,1998,54.225
WV,1999,53.025
WV,2000,51.775
WV,2001,52.69166666666666
WV,2002,53.23333333333333
WV,2003,51.583333333333336
WV,2004,52.71666666666667
WV,2005,52.75833333333333
WV,2006,53.03333333333333
WV,2007,53.291666666666664
WV,2008,51.791666666666664
WV,2009,51.74166666666667
WV,2010,52.050000000000004
WV,2011,53.5
WV,2012,54.31666666666666
WV,2013,51.775
WV,2014,50.78333333333333
WV,2015,53.14166666666667
WV,2016,54.14166666666667
WV,2017,54.00833333333333
WV,2018,53.300000000000004
WV,2019,54.15833333333333
WV,2020,53.949999999999996
WV,2021,53.64166666666667
WV,2022,52.35
WV,2023,53.958333333333336
WV,2024,55.15
WV,2025,40.25
WY,1955,39.75
WY,1956,41.125
WY,1957,40.4
WY,1958,41.98333333333333
WY,1959,40.675000000000004
WY,1960,41.03333333333333
WY,1961,40.975
WY,1962,41.1
WY,1963,42.475
WY,1964,39.550000000000004
WY,1965,40.24166666666667
WY,1966,41.208333333333336
WY,1967,40.81666666666667
WY,1968,39.80833333333333
WY,1969,41.09166666666666
WY,1970,40.324999999999996
WY,1971,40.0
WY,1972,40.166666666666664
WY,1973,39.833333333333336
WY,1974,41.208333333333336
WY,1975,39.425000000000004
WY,1976,41.333333333333336
WY,1977,42.0
WY,1978,39.38333333333333
WY,1979,39.99166666666667
WY,1980,41.94166666666667
WY,1981,43.725
WY,1982,39.824999999999996
WY,1983,40.916666666666664
WY,1984,39.891666666666666
WY,1985,39.175000000000004
WY,1986,42.324999999999996
WY,1987,42.50833333333333
WY,1988,42.800000000000004
WY,1989,41.175000000000004
WY,1990,41.85
WY,1991,41.71666666666667
WY,1992,42.483333333333334
WY,1993,38.88333333333333
WY,1994,42.90833333333333
WY,1995,41.675000000000004
WY,1996,41.041666666666664
WY,1997,41.199999999999996
WY,1998,42.541666666666664
WY,1999,43.15
WY,2000,42.541666666666664
WY,2001,43.199999999999996
WY,2002,41.375
WY,2003,43.050000000000004
WY,2004,42.40833333333333
WY,2005,42.84166666666667
WY,2006,43.166666666666664
WY,2007,43.291666666666664
WY,2008,40.68333333333333
WY,2009,40.925000000000004
WY,2010,41.958333333333336
WY,2011,41.05833333333333
WY,2012,44.78333333333333
WY,2013,41.675000000000004
WY,2014,42.125
WY,2015,44.15833333333333
WY,2016,43.90833333333333
WY,2017,43.19166666666667
WY,2018,42.40833333333333
WY,2019,40.275
WY,2020,42.78333333333333
WY,2021,43.64166666666667
WY,2022,41.958333333333336
WY,2023,41.766666666666666
WY,2024,44.31666666666666
WY,2025,28.65
